neighborhood_id,name,dog_friendly,grocery_stores,neighbors_friendly,parking_easy,yard,community_events,sidewalks,walk_night,five_years,kids_outside,car,restaurants,streets,holiday,quiet,wildlife
1,Hills,0.54,0.42,0.89,0.23,0.36,0.01,0.89,0.96,0.22,0.19,0.17,0.58,0.21,0.18,0.64,0.55
2,Downtown,0.49,0.70,0.23,0.05,0.56,0.41,0.01,0.91,0.96,0.50,0.76,0.80,0.65,0.72,0.55,0.94
3,Uptown,0.48,0.41,0.07,0.28,0.74,0.78,0.61,0.56,0.04,0.02,0.01,0.45,0.25,0.86,0.15,0.36
4,Promenade,0.90,0.50,0.33,0.28,0.41,0.29,0.07,0.92,0.42,0.24,0.11,0.20,0.77,0.62,0.37,0.79
5,Financial District,0.67,0.00,0.90,0.40,0.30,0.31,0.11,0.35,0.74,0.74,0.67,0.31,0.01,0.47,0.51,0.91
6,OceanView,0.87,0.97,0.59,0.11,0.42,0.96,0.92,0.17,0.17,0.43,0.22,0.64,0.12,0.27,0.03,0.75
7,Oceanside,0.42,0.40,0.43,0.10,0.60,0.36,0.77,0.33,0.62,0.35,0.01,0.62,0.74,0.14,0.91,0.11
8,Soma,0.47,0.20,0.44,0.93,0.70,0.59,0.70,0.25,0.39,0.87,0.47,0.48,0.80,0.10,0.00,0.86
9,Western Addition,0.62,0.22,0.41,0.47,0.05,0.18,0.41,0.47,0.74,0.26,0.45,0.71,0.19,0.28,0.25,0.20
10,Chinatown,0.83,0.34,0.43,0.87,0.18,0.31,0.65,0.12,0.41,0.51,0.63,0.81,0.25,0.43,0.68,0.56
11,Japantown,0.56,0.44,0.94,0.84,0.73,0.83,0.98,0.58,0.03,0.76,0.12,0.58,0.37,0.37,0.05,0.33
12,Little Italy,0.33,0.98,0.49,0.66,0.58,0.31,0.43,0.76,0.32,0.71,0.77,0.70,0.78,0.20,0.76,0.50
13,Live View,0.76,0.85,0.72,0.85,0.08,0.01,0.44,0.77,0.25,0.12,0.27,0.71,0.04,0.62,0.46,0.17
14,undefined,0.60,0.27,0.61,0.03,0.50,0.17,0.47,0.69,0.27,0.70,0.68,0.62,0.22,0.49,0.28,0.65
15,Hills,0.51,0.92,0.77,0.07,0.53,0.96,0.24,0.57,0.50,0.30,0.89,0.22,0.09,0.86,0.48,0.65
16,Downtown,0.27,0.75,0.84,0.38,0.80,0.29,0.49,0.35,0.51,0.61,0.05,0.86,0.88,0.13,0.39,0.72
17,Uptown,0.25,0.87,0.64,0.43,0.56,0.26,0.60,0.14,0.77,0.16,0.05,0.58,0.77,0.86,0.13,0.64
18,Promenade,0.78,0.32,0.08,0.89,0.27,0.90,0.31,0.42,0.61,0.16,0.82,0.02,0.46,0.55,0.69,0.76
19,Financial District,0.71,0.32,0.56,0.50,0.05,0.57,0.98,0.50,0.69,0.46,0.48,0.76,0.94,0.95,0.99,0.14
20,OceanView,0.52,0.94,0.67,0.89,0.92,0.06,0.70,0.00,0.72,0.62,0.98,0.03,0.16,0.16,0.36,0.96
21,Oceanside,0.20,0.70,0.10,0.46,0.65,0.58,0.85,0.37,0.51,0.08,0.74,0.22,0.02,0.47,0.83,0.91
22,Soma,0.20,0.86,0.33,0.20,0.79,0.93,0.85,0.08,0.07,0.69,0.25,0.04,0.20,0.66,0.39,0.15
23,Western Addition,0.78,0.30,0.65,0.01,0.11,0.17,0.58,0.35,0.89,0.53,0.38,0.28,0.43,0.61,0.52,0.88
24,Chinatown,0.04,0.63,0.79,0.36,0.31,0.02,0.58,0.27,0.52,0.74,0.69,0.63,0.14,0.73,0.41,0.39
25,Japantown,0.77,0.10,0.78,0.66,0.27,0.72,0.78,0.18,0.21,0.18,0.24,0.89,0.26,0.92,0.18,0.59
26,Little Italy,0.16,0.71,0.64,0.85,0.45,0.37,0.86,0.95,0.52,0.58,0.26,0.58,0.43,0.44,0.18,0.69
27,Live View,0.96,0.49,0.41,0.31,0.64,0.14,0.48,0.54,0.49,0.05,0.57,0.50,0.20,0.40,0.26,0.47
28,undefined,0.70,0.71,0.95,0.20,0.85,0.22,0.13,0.03,0.67,0.86,0.44,0.90,0.99,0.36,0.07,0.25
29,Hills,0.76,0.51,0.61,0.74,0.60,0.37,0.39,0.38,0.22,0.76,0.69,0.63,0.84,0.21,0.01,0.14
30,Downtown,0.84,0.61,0.93,0.89,0.67,0.77,0.69,0.57,0.12,0.84,0.56,0.93,0.11,0.94,0.53,0.98
31,Uptown,0.22,0.40,0.32,0.48,0.65,0.88,0.13,0.25,0.57,0.73,0.39,0.64,0.83,0.52,0.64,0.74
32,Promenade,0.36,0.54,0.95,0.41,0.90,0.01,0.99,0.34,0.73,0.82,0.88,0.65,0.89,0.38,0.54,0.31
33,Financial District,0.21,0.08,0.27,0.50,0.23,0.52,0.80,0.37,0.24,0.07,0.60,0.32,0.70,0.61,0.10,0.63
34,OceanView,0.83,0.14,0.82,0.37,0.55,0.49,0.39,0.24,0.78,0.80,0.54,0.47,0.37,0.51,0.28,0.75
35,Oceanside,0.30,0.27,0.68,0.29,0.15,0.78,0.51,0.52,0.82,0.13,0.72,0.19,0.74,0.14,0.06,0.63
36,Soma,0.06,0.25,0.89,0.24,0.31,0.92,0.20,0.69,0.53,0.99,0.64,0.35,0.94,0.63,0.75,0.27
37,Western Addition,0.62,0.62,0.54,0.19,0.24,0.44,0.99,0.44,0.36,0.98,0.05,0.68,0.95,0.95,0.13,0.09
38,Chinatown,0.61,0.54,0.79,0.23,0.25,0.57,0.28,0.69,0.23,0.47,0.60,0.52,0.00,0.35,0.64,0.49
39,Japantown,0.36,0.87,0.83,0.11,0.68,0.20,0.46,0.39,0.74,0.51,0.38,0.42,0.34,0.90,0.53,0.59
40,Little Italy,0.52,0.37,0.82,0.88,0.84,0.85,0.53,0.94,0.95,0.80,0.42,0.60,0.30,0.55,0.62,0.31
41,Live View,0.50,0.85,0.26,0.84,0.09,0.32,0.66,0.35,0.44,0.52,0.98,0.45,0.45,0.50,0.60,0.98
42,undefined,0.52,0.39,0.02,0.56,0.44,0.34,0.66,0.44,0.52,0.60,0.23,0.62,0.73,0.90,0.17,0.97
43,Hills,0.80,0.37,0.09,0.72,0.76,0.06,0.38,0.29,0.48,0.96,0.57,0.77,0.36,0.61,0.29,0.79
44,Downtown,0.58,0.91,0.61,0.80,0.78,0.63,0.99,0.73,0.04,0.42,0.83,0.65,0.14,0.75,0.95,0.87
45,Uptown,0.02,0.74,0.96,0.53,0.70,0.65,0.39,0.45,0.84,0.44,0.93,0.44,0.57,0.89,0.52,0.96
46,Promenade,0.88,0.49,0.63,0.57,0.81,0.20,0.96,0.20,0.23,0.88,0.52,0.84,0.94,0.30,0.77,0.14
47,Financial District,0.95,0.47,0.03,0.61,0.23,0.93,0.29,0.70,0.50,0.27,0.75,0.02,0.70,0.11,0.19,0.84
48,OceanView,0.66,0.24,0.65,0.57,0.24,0.82,0.80,0.66,0.43,0.76,0.92,0.21,0.93,0.18,0.48,0.06
49,Oceanside,0.52,0.10,0.64,0.38,0.98,0.68,0.91,0.84,0.01,0.47,0.98,0.03,0.64,0.66,1.00,0.15
50,Soma,0.54,0.22,0.02,0.32,0.64,0.01,0.46,0.53,0.00,0.42,0.84,0.73,0.06,0.91,0.95,0.36
51,Western Addition,0.13,0.66,0.48,0.40,0.85,0.60,0.67,0.28,0.39,0.51,0.55,0.74,0.07,0.98,0.35,0.85
52,Chinatown,0.22,0.44,0.55,0.43,0.56,0.23,0.24,0.89,0.43,0.38,0.07,0.09,0.22,0.10,0.96,0.65
53,Japantown,0.31,0.56,0.80,0.04,0.79,0.83,0.09,0.96,0.41,0.10,0.27,0.59,0.20,0.32,0.27,0.73
54,Little Italy,0.62,0.52,0.43,0.79,0.98,0.67,0.28,0.94,0.34,0.11,0.66,0.22,0.82,0.83,0.24,0.07
55,Live View,0.71,0.04,0.05,0.91,0.04,0.16,0.06,0.37,0.82,0.40,0.01,0.75,0.30,0.47,0.62,0.91
56,undefined,0.20,0.06,0.66,0.76,0.52,0.25,0.19,0.17,0.67,0.64,0.21,0.51,0.81,0.22,0.35,0.13
57,Hills,0.71,0.92,0.51,0.67,0.12,0.30,0.44,0.01,0.74,0.45,0.97,0.58,0.73,0.16,0.12,0.01
58,Downtown,0.59,0.08,0.67,0.66,0.68,0.05,0.44,0.19,0.59,0.46,0.87,0.78,0.28,0.64,0.66,0.54
59,Uptown,0.17,0.61,0.66,0.98,0.44,0.52,0.83,0.55,0.91,0.45,0.50,0.30,0.26,0.80,0.87,0.77
60,Promenade,0.94,0.99,0.96,0.64,0.05,0.52,0.70,0.13,0.44,0.53,0.47,0.77,0.90,0.48,0.09,0.93
61,Financial District,0.38,0.39,0.79,0.39,0.24,0.60,0.38,0.18,0.49,0.89,0.53,0.34,0.83,0.39,0.46,0.39
62,OceanView,0.72,0.61,0.96,0.71,0.54,0.57,0.58,0.25,0.75,0.63,0.16,0.70,0.96,0.42,0.49,0.55
63,Oceanside,0.53,0.57,0.54,0.10,0.13,0.77,0.36,0.40,0.23,0.89,0.27,0.09,0.01,0.66,0.55,0.54
64,Soma,0.58,0.06,0.02,0.17,0.93,0.20,0.76,0.39,0.78,0.74,0.80,0.96,0.92,0.54,0.46,0.10
65,Western Addition,0.01,0.16,0.90,0.78,0.91,0.50,0.78,0.08,0.57,0.61,0.25,0.36,0.65,0.45,0.44,0.02
66,Chinatown,0.44,0.11,0.28,0.51,0.06,0.91,0.26,0.87,0.38,0.07,0.26,0.63,0.53,0.02,0.06,0.77
67,Japantown,0.33,0.74,0.59,0.60,0.45,0.81,0.41,0.13,0.31,0.09,0.15,0.08,0.01,0.63,0.60,0.72
68,Little Italy,0.13,0.74,0.11,0.01,0.09,0.98,0.35,0.98,0.51,0.01,0.36,0.10,0.12,0.31,0.73,0.89
69,Live View,0.38,0.44,0.09,0.31,0.24,0.83,0.09,0.75,0.33,0.43,0.11,0.25,0.97,0.96,0.18,0.31
70,undefined,0.58,0.48,0.84,0.24,0.38,0.26,0.31,0.35,0.04,0.44,0.74,0.18,0.01,0.64,0.34,0.63
71,Hills,0.70,0.46,0.23,0.09,0.88,0.01,0.83,0.18,0.30,0.90,0.49,0.01,0.36,0.51,0.25,0.33
72,Downtown,0.32,0.28,0.17,0.77,0.33,0.57,0.82,0.76,0.75,0.15,0.31,0.42,0.08,0.78,0.59,0.79
73,Uptown,0.69,0.90,0.48,0.97,0.77,0.98,0.15,0.15,0.58,0.60,0.32,0.09,0.33,0.65,0.64,0.28
74,Promenade,0.73,0.55,0.99,0.53,0.88,0.03,0.81,0.80,0.31,0.77,0.30,0.91,0.44,0.98,0.78,0.26
75,Financial District,0.99,0.29,0.33,0.66,0.99,0.85,0.22,0.45,0.19,0.12,0.34,0.32,0.71,0.24,0.90,0.22
76,OceanView,0.76,0.69,0.95,0.21,0.16,0.04,0.27,0.38,0.84,0.34,0.95,0.95,0.47,0.97,0.67,0.30
77,Oceanside,0.76,0.08,0.87,0.71,0.86,0.79,0.79,0.40,0.42,0.53,0.84,0.01,0.00,0.44,0.67,0.58
78,Soma,0.45,0.43,0.99,0.43,0.23,0.65,0.85,0.76,0.65,0.12,0.81,0.09,0.02,0.40,0.10,0.17
79,Western Addition,0.26,0.86,0.67,0.56,0.69,0.61,0.21,0.71,0.01,0.48,0.98,0.67,0.12,0.04,0.13,0.36
80,Chinatown,0.99,0.46,0.99,0.08,0.99,0.95,0.72,0.29,0.75,0.74,0.34,0.19,0.27,0.55,0.87,0.23
81,Japantown,0.03,0.14,0.42,0.19,0.26,0.56,0.27,0.88,0.32,0.83,0.78,0.49,0.82,0.51,0.19,0.46
82,Little Italy,0.63,0.85,0.72,0.53,0.82,0.92,0.83,0.18,0.73,0.40,0.78,0.66,0.24,0.96,0.39,0.77
83,Live View,0.32,0.48,0.64,0.76,0.01,0.71,0.55,0.53,0.18,0.26,0.39,0.90,0.27,0.88,0.98,0.78
84,undefined,0.31,0.85,0.16,0.48,0.34,0.67,0.88,0.70,0.94,0.38,0.84,0.05,0.98,0.45,0.04,0.25
85,Hills,0.94,0.65,0.96,0.73,0.65,0.45,0.28,0.18,0.84,0.88,0.70,0.15,0.55,0.36,0.96,0.75
86,Downtown,0.24,0.55,0.12,0.67,0.53,0.36,0.29,0.39,0.37,0.64,0.59,0.13,0.99,0.10,0.67,0.89
87,Uptown,0.60,0.68,0.09,0.92,0.75,0.49,0.29,0.93,0.89,0.75,0.40,0.86,0.56,0.98,0.05,0.10
88,Promenade,0.01,0.46,0.71,0.92,0.12,0.84,0.03,0.11,0.49,0.42,0.79,0.31,0.82,0.18,0.32,0.60
89,Financial District,0.35,0.65,0.16,0.45,0.10,0.78,0.90,0.18,0.89,0.82,0.94,0.18,0.24,0.96,0.45,0.97
90,OceanView,0.75,0.93,0.58,0.87,0.62,0.14,0.54,0.68,0.02,0.32,0.69,0.40,0.26,0.34,0.60,0.79
91,Oceanside,0.18,0.28,0.97,0.95,0.03,0.25,0.92,0.54,0.46,0.43,0.42,0.26,0.16,0.08,0.75,0.76
92,Soma,0.47,0.34,0.17,0.38,0.41,0.07,0.09,0.47,0.84,0.73,0.56,0.88,0.06,0.98,0.80,0.39
93,Western Addition,0.31,0.04,0.14,0.84,0.36,0.47,1.00,0.14,0.99,0.66,0.94,0.97,0.44,0.96,0.27,0.62
94,Chinatown,0.83,0.50,0.40,0.44,0.86,0.44,0.83,0.34,0.56,0.62,0.65,0.92,0.27,0.48,0.50,0.48
95,Japantown,0.97,0.49,1.00,0.35,0.76,0.26,0.91,0.71,0.17,0.43,0.27,0.31,0.44,0.59,0.45,0.06
96,Little Italy,0.39,0.68,0.19,0.87,0.67,0.19,0.12,0.96,0.99,0.34,0.38,0.93,0.49,0.24,0.12,0.69
97,Live View,0.56,0.04,0.25,0.95,0.34,0.89,0.12,0.61,0.38,0.78,0.38,0.31,0.81,0.42,0.33,0.05
98,undefined,0.17,0.21,0.56,0.76,0.86,0.89,0.05,0.67,0.95,0.45,0.70,0.88,0.90,0.18,0.65,0.34
99,Hills,0.83,0.49,0.31,0.37,0.30,0.65,0.27,0.64,0.76,0.29,0.64,0.24,0.70,0.22,0.99,0.66
100,Downtown,0.67,0.12,0.71,0.90,0.12,0.44,0.59,0.28,0.22,0.30,0.28,0.23,0.13,0.67,0.19,0.24
101,Uptown,0.78,0.27,0.58,0.64,0.06,0.93,0.17,0.37,0.83,0.70,0.42,0.58,0.66,0.97,0.82,0.92
102,Promenade,0.31,0.43,0.10,0.61,0.08,0.29,0.58,0.28,0.60,0.56,0.33,0.47,0.96,0.66,0.86,0.27
103,Financial District,0.07,0.48,0.54,0.01,0.54,0.63,0.07,0.84,0.54,0.05,0.13,0.97,0.48,0.36,0.74,0.24
104,OceanView,0.11,0.55,0.42,0.82,0.85,0.43,0.30,1.00,0.06,0.02,0.63,0.19,0.84,0.80,0.53,0.65
105,Oceanside,0.79,0.38,0.37,0.74,0.53,0.15,0.38,0.21,0.70,0.48,0.40,0.57,0.46,0.06,0.57,0.01
106,Soma,0.54,0.46,0.68,0.18,0.51,0.24,0.70,0.65,0.49,0.46,0.45,0.87,0.57,0.57,0.00,0.41
107,Western Addition,0.25,0.94,0.40,0.17,0.22,0.06,0.82,0.01,0.34,0.95,0.72,0.40,0.26,0.28,0.70,0.05
108,Chinatown,0.15,0.22,0.40,0.34,0.13,0.31,0.04,0.01,0.51,1.00,0.55,0.75,0.05,0.53,0.28,0.21
109,Japantown,0.76,0.89,0.42,0.29,0.83,0.96,0.20,0.89,0.22,0.30,0.47,0.25,0.71,0.29,0.61,0.66
110,Little Italy,0.41,0.40,0.05,0.11,0.62,0.86,0.60,0.68,0.90,0.59,0.37,0.54,0.42,0.48,0.96,0.40
111,Live View,0.52,0.20,0.79,0.80,0.75,0.08,0.83,0.61,0.89,0.79,0.65,0.13,0.52,0.13,0.77,1.00
112,undefined,0.70,0.91,0.21,0.63,0.35,0.96,0.85,0.94,0.71,0.04,0.31,0.25,0.97,0.52,0.69,0.80
113,Hills,0.91,0.12,0.88,0.80,0.82,0.87,0.49,0.65,0.71,0.87,0.95,0.41,0.24,0.71,0.85,0.12
114,Downtown,0.51,0.07,0.21,0.25,0.59,0.09,0.78,0.13,0.12,0.09,0.92,0.31,0.63,0.89,0.25,0.46
115,Uptown,0.36,0.09,0.42,0.70,0.16,0.62,0.42,0.92,0.73,0.20,0.41,0.17,0.08,0.94,0.90,0.75
116,Promenade,0.87,0.06,0.06,0.62,0.05,0.92,0.09,0.94,0.18,0.66,0.33,0.35,0.55,0.22,0.63,0.20
117,Financial District,0.88,0.92,0.42,0.96,0.22,0.66,0.42,0.15,0.55,0.72,0.07,0.04,0.56,0.04,0.29,0.18
118,OceanView,0.58,0.70,0.01,0.04,0.57,0.65,0.21,0.53,0.06,0.00,0.79,0.08,0.99,0.62,0.93,0.66
119,Oceanside,0.58,0.67,0.06,0.59,0.68,0.47,0.05,0.39,0.37,0.67,0.26,0.58,0.42,0.11,0.20,0.15
120,Soma,0.81,0.31,0.78,0.35,0.83,0.66,0.35,0.92,0.49,0.67,0.84,0.28,0.75,0.94,0.82,0.61
121,Western Addition,0.46,0.91,0.06,0.92,0.42,0.58,0.12,0.89,0.86,0.52,0.95,0.34,0.83,0.52,0.89,0.25
122,Chinatown,0.18,0.64,0.64,0.47,0.66,0.57,0.59,0.88,0.28,0.26,0.21,0.48,0.13,0.72,0.06,0.82
123,Japantown,0.73,0.86,0.41,0.25,0.04,0.72,0.36,0.63,0.91,0.08,0.07,0.75,0.07,0.42,0.07,0.92
124,Little Italy,0.64,0.58,0.43,0.32,0.24,0.64,0.83,0.10,0.27,0.91,0.53,0.86,0.58,0.68,0.54,0.39
125,Live View,0.68,0.28,0.96,0.77,0.49,0.10,0.27,0.16,0.20,0.77,0.00,0.32,0.05,0.25,0.14,0.33
126,undefined,0.01,0.24,0.82,0.54,0.77,0.58,0.83,0.43,0.79,0.25,0.82,0.90,0.38,0.38,0.95,0.93
127,Hills,0.93,0.95,0.11,0.95,0.94,0.02,0.57,0.39,0.83,0.86,0.32,0.54,0.93,0.56,0.60,0.26
128,Downtown,0.38,0.76,0.62,0.48,0.87,0.28,0.22,0.08,0.61,0.60,0.48,0.28,0.50,0.47,0.56,0.83
129,Uptown,0.84,0.67,0.12,0.07,0.62,0.76,0.44,0.83,0.71,0.22,0.39,0.67,0.14,0.64,0.31,0.54
130,Promenade,0.07,0.08,0.23,0.86,0.56,0.66,0.25,0.58,0.40,0.13,0.84,0.90,0.24,0.47,0.57,0.76
131,Financial District,0.48,0.28,0.62,0.12,0.50,0.93,0.34,0.43,0.58,0.04,0.85,0.56,0.43,0.54,0.37,0.18
132,OceanView,0.07,0.69,0.04,0.25,0.17,0.66,0.45,0.30,0.59,0.09,0.35,0.40,0.34,0.11,0.49,0.86
133,Oceanside,0.37,0.78,0.68,0.32,0.77,0.01,0.72,0.64,0.50,0.13,0.12,0.09,0.43,0.67,0.15,0.41
134,Soma,0.86,0.62,0.51,0.29,0.93,0.25,0.35,0.25,0.74,0.16,0.04,0.59,0.26,0.92,0.45,0.98
135,Western Addition,0.11,0.34,0.95,0.47,0.64,0.87,0.47,0.34,0.07,0.41,0.20,0.76,0.28,0.32,0.64,0.99
136,Chinatown,0.18,0.32,0.24,0.30,0.00,0.39,0.27,0.69,0.60,0.54,0.98,0.34,0.29,0.59,0.63,0.95
137,Japantown,0.42,0.54,0.89,0.21,0.76,0.15,0.33,0.52,0.69,0.03,0.96,0.43,0.88,0.63,0.48,0.71
138,Little Italy,0.19,0.47,0.23,0.17,0.95,0.92,0.24,0.12,0.63,0.12,0.11,0.88,0.86,0.51,0.03,0.38
139,Live View,0.30,0.67,0.81,0.48,0.39,0.80,0.22,0.49,0.23,0.59,0.51,0.71,0.27,0.28,0.63,0.03
140,undefined,0.50,0.69,0.83,0.22,0.83,0.18,0.47,0.93,0.86,0.63,0.61,0.82,0.02,0.45,0.55,0.84
141,Hills,0.70,0.13,0.45,0.41,0.63,0.35,0.17,0.68,0.57,0.68,0.42,0.21,0.74,0.80,0.60,0.77
142,Downtown,0.12,0.85,0.64,0.86,0.19,0.80,0.67,0.79,0.97,0.01,0.24,0.17,0.34,0.26,0.06,0.70
143,Uptown,0.86,0.96,0.48,0.86,0.47,0.50,0.76,0.82,0.50,0.25,0.38,0.26,0.53,0.11,0.43,0.70
144,Promenade,0.83,0.19,0.37,0.51,0.18,0.96,0.49,0.03,0.78,0.75,0.73,0.87,0.09,0.29,0.01,0.27
145,Financial District,0.02,0.87,0.08,0.20,0.70,0.43,0.60,0.86,0.59,0.10,0.22,0.92,0.31,0.42,0.70,0.94
146,OceanView,0.40,0.67,0.27,0.90,0.80,0.76,0.55,0.99,0.37,0.88,0.61,0.93,0.19,0.02,0.53,0.07
147,Oceanside,0.93,0.08,0.17,0.41,0.67,0.78,0.04,0.62,0.62,0.98,0.32,0.57,0.38,0.48,0.20,0.32
148,Soma,0.91,0.84,0.52,0.76,0.50,0.79,0.18,0.83,0.03,0.49,0.18,0.52,0.96,0.03,0.44,0.05
149,Western Addition,0.53,0.76,0.99,0.70,0.26,0.12,0.69,0.43,0.15,0.41,0.41,0.91,0.52,0.89,0.39,0.55
150,Chinatown,0.71,0.03,0.42,0.96,0.84,0.54,0.78,0.69,0.61,0.09,0.54,0.77,0.90,0.45,0.69,0.06
151,Japantown,0.21,0.31,0.57,0.56,0.21,0.75,0.74,0.85,0.78,0.05,0.23,0.54,0.50,0.54,0.84,0.16
152,Little Italy,0.52,0.07,0.71,0.31,0.41,0.53,0.47,0.82,0.76,0.87,0.87,0.82,0.18,0.71,0.98,0.57
153,Live View,0.79,0.64,0.93,1.00,0.68,0.11,0.09,0.92,0.99,0.32,0.76,0.01,0.78,0.13,0.27,0.33
154,undefined,0.19,0.80,0.78,1.00,0.99,0.69,0.78,0.96,0.52,0.22,0.70,0.25,0.13,0.41,0.32,0.32
155,Hills,0.72,0.82,0.18,0.25,0.22,0.66,0.28,0.28,0.64,0.24,0.62,0.44,0.79,0.99,0.37,0.05
156,Downtown,0.15,0.94,0.00,0.66,0.88,0.67,0.27,0.42,0.75,0.04,0.90,0.59,0.86,0.71,0.59,0.16
157,Uptown,0.71,0.87,0.82,0.22,0.91,0.39,0.51,0.71,0.50,0.53,0.38,0.62,0.51,0.47,0.61,0.98
158,Promenade,0.29,0.76,0.42,0.71,0.72,0.51,0.67,0.83,0.84,0.32,0.85,0.55,0.47,0.13,0.62,0.03
159,Financial District,0.79,0.73,0.41,0.63,0.65,0.36,0.52,0.10,0.12,0.14,0.87,0.33,0.02,0.08,0.61,0.44
160,OceanView,0.67,0.70,0.61,0.06,0.87,0.18,0.32,0.73,0.99,0.27,0.72,0.64,0.49,0.34,0.47,0.45
161,Oceanside,0.95,0.61,0.96,0.80,0.20,0.68,0.65,0.02,0.76,0.14,0.54,0.76,0.69,0.32,0.09,0.03
162,Soma,0.07,0.96,0.28,0.23,0.82,0.78,0.08,0.66,0.53,0.74,0.86,0.55,0.21,0.44,0.46,0.72
163,Western Addition,0.34,0.38,0.52,0.24,0.16,0.80,0.28,0.56,0.32,0.77,0.67,0.56,0.16,0.28,0.41,0.75
164,Chinatown,0.11,0.19,0.14,0.89,0.52,0.69,0.22,0.73,0.19,0.71,0.46,0.48,0.20,0.53,0.98,0.60
165,Japantown,0.62,0.17,0.34,0.18,0.41,0.59,0.13,0.15,0.72,0.70,0.89,0.37,0.17,0.05,0.25,0.94
166,Little Italy,0.62,0.64,0.25,0.97,0.72,0.26,0.04,0.40,0.49,0.66,0.39,0.83,0.89,0.12,0.41,0.30
167,Live View,0.71,0.81,0.16,0.27,0.54,0.18,0.35,0.64,0.93,0.04,0.19,0.38,0.56,0.23,0.11,0.75
168,undefined,0.48,0.79,0.57,0.24,0.36,0.83,0.13,0.23,0.42,0.22,0.54,0.31,0.43,0.50,0.95,0.83
169,Hills,0.91,0.91,0.40,0.38,0.43,0.62,0.46,0.32,0.06,0.48,0.07,0.06,0.65,0.93,0.76,0.81
170,Downtown,0.36,0.28,0.34,0.42,0.37,0.33,0.74,0.21,0.52,0.11,0.92,0.88,0.24,0.05,0.80,0.11
171,Uptown,0.37,0.46,0.69,0.63,0.02,0.22,0.76,0.01,0.63,0.46,0.44,0.29,0.32,0.34,0.64,0.86
172,Promenade,0.43,0.39,0.44,0.82,0.74,1.00,0.38,0.87,0.50,0.04,0.23,0.31,0.66,0.58,0.23,0.49
173,Financial District,0.08,0.52,0.53,0.62,0.90,0.53,0.51,0.98,0.53,0.63,0.07,0.73,0.15,0.88,0.79,1.00
174,OceanView,0.34,0.63,0.43,0.83,0.39,0.34,0.63,0.12,0.22,0.08,0.47,0.90,0.67,0.86,0.39,0.99
175,Oceanside,0.15,0.57,0.62,0.85,0.12,0.32,0.08,0.64,0.07,0.85,0.10,0.33,0.18,0.72,0.72,0.08
176,Soma,0.29,0.18,0.26,0.23,0.28,0.45,0.12,0.03,0.42,0.14,0.90,0.97,0.01,0.47,0.83,0.73
177,Western Addition,0.68,0.23,0.03,0.81,0.01,0.18,0.80,0.13,0.18,0.60,0.22,0.06,0.90,0.42,0.47,0.82
178,Chinatown,0.39,0.71,0.56,0.84,0.27,0.40,0.41,0.62,0.07,0.01,0.63,0.44,0.79,0.76,0.70,0.66
179,Japantown,0.68,0.84,0.92,0.36,0.51,0.66,0.30,0.92,0.40,0.64,0.77,1.00,0.79,0.23,0.44,0.70
180,Little Italy,0.78,0.83,0.27,0.75,0.91,0.23,0.36,0.01,0.48,0.92,0.10,0.82,0.96,0.63,0.40,0.45
181,Live View,0.01,0.76,0.45,0.11,0.63,0.15,0.08,0.09,0.28,0.24,0.94,0.44,0.24,0.60,0.14,0.19
182,undefined,0.97,0.39,0.44,0.46,0.44,0.35,0.59,0.80,0.40,0.72,0.63,0.63,0.86,0.55,0.96,0.84
183,Hills,0.45,0.51,0.07,0.34,0.92,0.92,0.83,0.01,0.25,0.51,0.67,0.07,0.76,0.21,0.21,0.51
184,Downtown,0.78,0.85,0.79,0.07,0.74,0.89,0.19,0.21,0.56,0.32,0.75,0.83,0.43,0.24,0.85,0.16
185,Uptown,0.27,0.49,0.90,0.44,0.74,0.62,0.64,0.45,0.69,0.83,0.19,0.17,0.26,0.85,0.82,0.25
186,Promenade,0.64,0.38,0.38,0.20,0.66,0.28,0.71,0.10,0.37,0.97,0.38,0.19,0.82,0.92,0.23,0.30
187,Financial District,0.04,0.30,0.94,0.93,0.67,0.30,0.87,0.42,0.54,0.48,0.75,0.45,0.23,0.20,0.03,0.29
188,OceanView,0.51,0.57,0.64,0.01,0.53,0.03,0.14,0.61,0.68,0.08,0.28,0.09,0.36,0.56,0.49,0.79
189,Oceanside,0.80,0.25,0.62,0.57,0.27,0.95,0.67,0.42,0.22,0.37,0.69,0.55,0.32,0.39,0.10,0.53
190,Soma,0.77,0.32,0.06,0.50,0.66,0.68,0.70,0.18,0.20,0.27,0.22,0.52,0.94,0.28,0.52,0.42
191,Western Addition,0.61,0.86,0.11,0.50,0.12,0.60,0.14,0.43,0.38,0.68,0.49,0.09,0.10,0.58,0.68,0.24
192,Chinatown,0.35,0.34,0.53,0.15,0.18,0.66,0.44,0.98,0.48,0.60,0.40,0.42,0.27,0.37,0.37,0.59
193,Japantown,0.46,0.21,0.61,0.33,0.38,0.63,0.34,0.65,0.23,0.03,0.03,0.90,0.36,0.25,0.41,0.67
194,Little Italy,0.59,0.67,0.60,0.39,0.51,0.09,0.50,0.35,0.70,0.21,0.12,0.09,0.36,0.22,0.56,0.61
195,Live View,0.50,0.31,0.78,0.18,0.81,0.13,0.59,0.61,0.43,0.42,0.42,0.55,0.02,0.16,0.88,0.06
196,undefined,0.22,0.04,0.54,0.10,0.82,0.72,0.93,0.25,0.95,0.96,0.51,0.99,0.41,0.24,0.35,0.22
197,Hills,0.50,0.37,0.41,0.73,0.52,0.93,0.99,0.88,0.58,0.84,0.46,0.41,0.52,0.68,0.09,0.50
198,Downtown,0.13,0.84,0.71,0.39,0.12,0.39,0.19,0.37,0.15,0.14,0.33,0.99,0.01,0.25,0.39,0.19
199,Uptown,0.42,0.67,0.41,0.07,0.86,0.38,0.31,0.72,0.11,0.02,0.01,0.24,0.78,0.62,0.70,0.18
200,Promenade,0.28,0.02,0.11,0.15,0.98,0.82,0.47,0.91,0.54,0.16,0.40,0.24,0.58,0.67,0.77,0.15
201,Financial District,0.04,0.06,0.22,0.41,0.92,0.14,0.69,0.11,0.23,0.14,0.71,0.93,0.25,0.36,0.67,0.87
202,OceanView,0.79,0.34,0.74,0.08,0.52,0.92,0.92,0.95,0.32,0.14,0.57,0.02,0.40,0.53,0.31,0.30
203,Oceanside,0.41,0.66,0.85,0.18,0.74,0.39,0.73,0.71,0.16,0.91,0.54,0.87,0.43,0.45,0.74,0.59
204,Soma,0.22,1.00,0.24,0.68,0.24,0.70,0.40,0.23,0.64,0.58,0.74,0.18,0.61,0.47,0.59,0.46
205,Western Addition,0.03,0.30,0.71,0.71,0.69,0.10,0.45,0.27,0.42,0.05,0.72,0.98,0.36,0.57,0.90,0.01
206,Chinatown,0.18,0.95,0.56,0.14,0.84,0.52,0.97,0.45,0.45,0.14,0.85,0.52,0.24,0.91,0.46,0.02
207,Japantown,0.07,0.68,0.51,0.53,0.13,0.54,0.67,0.84,0.26,0.19,0.73,0.98,0.45,0.43,0.72,0.94
208,Little Italy,0.98,0.33,0.13,0.53,0.86,0.96,0.39,0.39,0.18,0.69,0.04,0.33,0.82,0.29,0.79,0.98
209,Live View,0.92,0.82,0.32,0.43,0.84,0.23,0.98,0.59,0.32,0.38,0.57,0.73,0.03,0.84,0.60,0.33
210,undefined,0.35,0.56,0.25,0.02,0.88,0.49,0.97,0.51,0.44,0.41,0.35,0.13,0.48,0.15,0.87,0.66
211,Hills,0.77,0.73,0.26,0.75,0.52,0.75,0.86,0.62,0.27,0.08,0.65,0.50,0.09,0.02,0.88,0.40
212,Downtown,0.53,0.16,0.38,0.20,0.83,0.65,0.05,0.46,0.69,0.39,0.21,0.46,0.91,0.03,0.63,0.26
213,Uptown,0.67,0.29,0.60,0.61,0.06,0.97,0.04,0.28,0.36,0.08,0.52,0.36,0.44,0.21,0.25,0.70
214,Promenade,0.25,0.97,0.06,0.68,0.57,0.50,0.67,0.62,0.05,1.00,0.69,0.61,0.44,0.48,0.73,0.98
215,Financial District,0.04,0.52,0.98,0.85,0.90,0.35,0.18,0.18,0.83,0.09,0.34,0.36,0.88,0.90,0.35,0.40
216,OceanView,0.70,0.93,0.46,0.31,0.55,0.11,0.83,0.77,0.69,0.14,0.60,0.85,0.36,0.09,0.98,0.93
217,Oceanside,0.16,0.31,0.25,0.50,0.91,0.39,0.57,0.73,0.26,0.38,0.41,0.48,1.00,0.92,0.98,0.14
218,Soma,0.15,0.47,0.87,0.86,0.63,0.51,0.54,0.24,0.99,0.43,0.35,0.08,0.14,0.12,0.43,0.81
219,Western Addition,0.17,0.77,0.70,0.92,0.89,0.26,0.84,0.06,0.64,0.60,0.12,0.92,0.58,0.64,0.74,0.91
220,Chinatown,0.66,0.55,0.76,0.22,0.79,0.49,0.76,0.67,0.67,0.09,0.64,0.23,0.19,0.77,0.60,0.18
221,Japantown,0.68,0.14,0.18,0.86,0.80,0.23,0.38,0.86,0.27,0.52,0.55,0.49,0.01,0.82,0.05,0.53
222,Little Italy,0.05,0.64,0.26,0.81,0.90,0.64,0.56,0.96,0.90,0.66,0.96,0.96,0.09,0.55,0.53,0.96
223,Live View,0.79,0.27,0.01,0.71,0.45,0.90,0.72,0.41,0.82,0.35,0.34,0.10,0.34,0.06,0.15,0.77
224,undefined,0.25,0.40,0.66,0.45,0.48,0.70,0.18,0.40,0.52,0.16,0.74,0.50,0.57,0.88,0.58,0.30
225,Hills,0.87,0.52,0.31,0.60,0.65,0.57,0.90,0.80,0.07,0.43,0.97,0.04,0.94,0.29,0.48,0.56
226,Downtown,0.30,0.79,0.80,0.66,0.41,0.48,0.36,0.00,0.57,0.61,0.28,0.68,0.01,0.42,0.02,0.76
227,Uptown,0.16,0.43,0.96,0.56,0.39,0.21,0.04,0.42,0.08,0.81,0.67,0.76,0.10,0.55,0.59,0.32
228,Promenade,0.35,0.31,0.20,0.29,0.39,0.16,0.84,0.51,0.36,0.63,0.68,0.87,0.73,0.89,0.15,0.50
229,Financial District,0.25,0.50,0.54,0.57,0.58,0.81,0.43,0.45,0.54,0.07,0.70,0.99,0.97,0.86,0.87,0.91
230,OceanView,0.15,0.87,0.98,0.63,0.96,0.70,0.38,0.58,0.58,0.07,0.22,0.38,0.97,0.38,0.50,0.93
231,Oceanside,0.60,0.71,0.88,0.74,0.30,0.71,0.41,0.48,0.60,0.31,0.01,0.89,0.86,0.00,0.54,0.14
232,Soma,0.59,0.75,0.87,0.68,0.99,0.89,0.98,0.27,0.46,0.95,0.88,0.63,0.12,0.69,0.44,0.36
233,Western Addition,0.60,0.98,0.91,0.38,0.14,0.14,0.62,0.37,0.81,0.51,0.75,0.14,0.21,0.69,0.09,0.01
234,Chinatown,0.38,0.74,0.94,0.47,0.06,0.13,0.15,0.61,0.55,0.26,0.29,0.36,0.97,0.03,0.10,0.04
235,Japantown,0.05,0.32,0.53,0.72,0.10,0.01,0.16,0.71,0.78,0.72,0.86,0.17,0.85,0.01,0.56,0.63
236,Little Italy,0.00,0.43,0.12,0.14,0.01,0.33,0.40,0.58,0.04,0.84,0.18,0.25,0.05,0.93,0.21,0.07
237,Live View,0.96,0.88,0.67,0.86,0.22,0.99,0.55,0.60,0.32,0.54,0.97,0.10,0.28,0.54,0.80,0.84
238,undefined,0.77,0.50,0.29,0.07,0.40,0.48,0.19,0.09,0.10,0.83,0.50,0.82,0.67,0.99,0.20,0.70
239,Hills,0.92,0.99,0.33,0.98,0.64,0.14,0.72,0.63,0.33,0.89,0.57,0.79,0.55,0.67,0.88,0.57
240,Downtown,0.66,0.89,0.97,0.11,0.38,0.94,0.89,0.08,0.98,0.27,0.04,0.93,0.76,0.01,0.71,0.46
241,Uptown,0.04,0.53,0.81,0.44,0.62,0.95,0.51,0.97,0.20,0.11,0.33,0.23,0.19,0.34,0.54,0.81
242,Promenade,0.84,0.83,0.08,0.89,0.23,0.76,0.70,0.72,0.68,0.13,0.34,0.38,0.75,0.48,0.78,0.08
243,Financial District,0.84,0.63,0.86,0.57,0.04,0.95,0.70,0.23,0.66,0.89,0.33,0.15,0.92,0.91,0.27,0.25
244,OceanView,0.63,0.15,0.85,0.19,0.85,0.92,0.81,0.80,0.10,0.83,0.04,0.10,0.75,0.39,0.51,0.68
245,Oceanside,0.45,0.03,0.66,0.75,0.63,0.42,0.80,0.18,0.02,0.17,0.53,0.69,0.69,0.68,0.48,0.04
246,Soma,0.75,0.28,0.51,0.91,0.29,0.11,0.97,0.08,0.47,0.63,0.70,0.05,0.33,0.15,0.47,0.06
247,Western Addition,0.05,0.23,0.87,0.40,0.55,0.50,0.47,0.28,0.68,0.90,0.14,0.15,0.57,0.32,0.38,0.26
248,Chinatown,0.28,0.04,0.43,0.22,0.49,0.73,0.35,0.11,0.79,0.65,0.85,0.88,0.15,0.83,0.30,0.64
249,Japantown,0.94,0.82,0.98,0.58,0.49,0.75,0.54,0.58,0.78,0.50,0.49,0.32,0.43,0.53,0.76,0.90
250,Little Italy,0.44,0.42,0.74,0.03,0.50,0.38,0.21,0.94,0.09,0.01,0.27,0.16,0.54,0.11,0.36,0.42
251,Live View,0.19,0.07,0.26,0.34,0.75,0.95,0.98,0.14,0.90,0.64,0.65,0.19,0.63,0.34,0.41,0.83
252,undefined,0.40,0.21,0.50,0.00,0.95,0.25,0.56,0.79,0.54,0.06,0.17,0.29,0.35,0.98,0.32,0.35
253,Hills,0.44,0.96,0.01,0.14,0.62,0.48,0.29,0.35,0.34,0.02,0.69,0.84,0.74,0.45,0.86,0.12
254,Downtown,0.14,0.91,0.43,0.91,0.71,0.46,0.16,0.72,0.07,0.86,0.58,0.94,0.87,0.21,0.58,0.16
255,Uptown,0.36,0.70,0.29,0.26,0.14,0.71,0.25,0.73,0.93,0.89,0.47,0.92,0.76,0.00,0.46,0.84
256,Promenade,0.97,0.04,0.64,0.26,0.71,0.14,0.54,0.32,0.55,0.95,0.80,0.17,0.92,0.42,1.00,0.10
257,Financial District,0.54,0.71,0.31,0.96,0.22,0.23,0.82,0.80,0.55,0.42,0.02,0.66,0.79,0.28,0.95,0.23
258,OceanView,0.37,0.54,0.22,0.85,0.43,0.54,0.97,0.63,0.87,0.74,0.83,0.74,0.41,0.81,0.92,0.87
259,Oceanside,0.72,0.19,0.71,0.32,0.30,0.45,0.06,0.95,0.01,0.21,0.17,0.21,0.09,0.12,0.27,0.44
260,Soma,0.36,0.29,0.44,0.31,0.75,0.32,0.29,0.64,0.81,0.69,0.44,0.73,0.01,0.94,0.61,0.21
261,Western Addition,0.02,0.63,0.15,0.62,0.45,0.82,0.69,0.88,0.01,0.57,0.87,0.51,0.88,0.82,0.84,0.21
262,Chinatown,0.26,0.42,0.70,0.28,0.65,0.70,0.94,0.02,0.99,0.06,0.45,0.31,0.72,0.19,0.11,0.71
263,Japantown,0.08,0.71,0.89,0.35,0.78,0.41,0.83,0.14,0.00,0.98,0.32,0.81,0.08,0.21,0.05,0.24
264,Little Italy,0.59,0.93,0.70,0.84,0.28,0.96,0.65,0.78,0.46,0.62,0.16,0.08,0.81,0.24,0.18,0.11
265,Live View,0.60,0.15,0.99,0.28,0.19,0.80,0.21,0.34,0.92,0.55,0.84,0.11,0.80,0.89,0.66,0.41
266,undefined,0.69,0.77,0.25,0.66,0.26,0.31,0.92,0.22,0.86,0.51,0.73,0.56,0.91,0.95,0.37,0.38
267,Hills,0.51,0.35,0.41,0.28,0.84,0.04,0.14,0.35,0.90,0.52,0.24,0.29,0.75,0.10,0.99,0.49
268,Downtown,0.05,0.11,0.84,0.16,0.59,0.56,0.19,0.65,0.61,0.52,0.20,0.39,0.26,0.84,0.45,0.10
269,Uptown,0.04,0.92,0.56,0.59,0.28,0.81,0.21,0.68,0.72,0.75,0.07,0.61,0.28,0.69,0.92,0.40
270,Promenade,0.07,0.04,0.71,0.84,0.43,0.09,0.42,0.89,0.76,0.64,0.55,0.27,0.64,0.19,0.91,0.42
271,Financial District,0.60,0.73,0.80,0.36,0.28,0.71,0.06,0.82,0.43,0.84,0.12,0.71,0.86,0.49,0.33,0.01
272,OceanView,0.21,0.08,0.84,0.20,0.66,0.04,0.91,0.13,0.09,0.28,0.94,0.37,0.54,0.79,0.70,0.26
273,Oceanside,0.73,0.37,0.31,0.69,0.27,0.69,0.17,0.52,0.66,0.14,0.61,0.00,0.97,0.72,0.60,0.87
274,Soma,0.88,0.56,0.62,0.89,0.01,0.76,0.67,0.97,0.92,0.23,0.46,0.49,0.33,0.74,0.38,0.74
275,Western Addition,0.96,0.74,0.58,0.11,0.31,0.06,0.35,0.28,0.78,0.11,0.15,0.28,0.54,0.33,0.12,0.33
276,Chinatown,0.04,0.47,0.95,0.26,0.13,0.88,0.77,0.05,0.51,0.81,0.41,0.19,0.75,0.77,0.66,0.21
277,Japantown,0.74,0.49,0.25,0.95,0.76,0.29,0.33,0.36,0.56,0.88,0.35,0.27,0.76,0.36,0.13,0.31
278,Little Italy,0.28,0.55,0.07,0.44,0.93,0.04,0.26,0.71,0.63,0.43,0.64,0.55,0.49,0.14,0.08,0.44
279,Live View,0.36,0.86,0.59,0.91,0.10,0.74,0.15,0.74,0.74,0.65,0.80,0.47,0.52,0.44,0.03,0.20
280,undefined,0.35,0.85,0.86,0.81,0.89,0.74,0.58,0.83,0.58,0.26,0.38,0.74,0.13,0.94,0.39,0.94
281,Hills,0.84,0.18,0.85,0.02,0.28,0.91,0.68,0.35,0.67,0.02,0.83,0.33,0.71,0.45,0.83,0.48
282,Downtown,0.67,0.49,0.98,0.33,0.21,0.89,0.67,0.91,0.88,0.54,0.71,0.55,0.20,0.92,0.56,0.15
283,Uptown,0.22,0.74,0.36,0.64,0.64,0.56,0.85,0.45,0.03,0.52,0.55,0.16,0.56,0.15,0.71,0.28
284,Promenade,0.73,0.85,0.60,0.99,0.35,0.56,0.77,0.99,0.53,0.04,0.06,0.94,0.88,0.61,0.49,0.20
285,Financial District,0.10,0.54,0.50,0.95,0.79,0.87,0.01,0.82,0.76,0.63,0.69,0.91,0.62,0.22,0.26,0.06
286,OceanView,0.71,0.24,0.88,0.68,0.46,0.21,0.46,0.03,0.27,0.62,0.53,0.39,0.85,0.12,0.89,0.75
287,Oceanside,0.28,0.88,0.05,0.36,0.87,0.11,0.49,0.50,0.38,0.22,0.92,0.96,0.53,0.11,0.52,0.42
288,Soma,0.92,0.37,0.94,0.81,0.01,0.44,0.92,0.09,0.54,0.34,0.95,0.11,0.70,0.74,0.20,0.37
289,Western Addition,0.38,0.66,0.32,0.81,0.66,0.75,0.47,0.11,0.57,0.62,0.36,0.53,0.31,0.21,0.17,0.67
290,Chinatown,0.36,0.01,0.89,0.01,0.96,0.85,0.20,0.59,0.43,0.07,0.99,0.16,0.28,0.83,0.79,0.18
291,Japantown,0.25,0.68,0.29,0.49,0.59,0.66,0.37,0.84,1.00,0.12,0.60,0.94,0.02,0.30,0.29,0.95
292,Little Italy,0.05,0.02,0.19,1.00,0.36,0.45,0.97,0.62,0.86,0.64,0.39,0.81,0.75,0.13,0.11,0.41
293,Live View,0.15,0.52,0.07,0.41,0.30,0.60,0.89,0.95,0.02,0.92,0.74,0.14,0.60,0.70,0.27,0.31
294,undefined,0.19,0.15,0.93,0.73,0.74,0.32,0.28,0.85,0.90,0.15,0.22,0.49,0.50,0.21,0.34,0.02
295,Hills,0.61,0.85,0.56,0.42,0.36,0.04,0.96,0.63,0.97,0.94,0.08,0.24,0.52,0.09,0.57,0.25
296,Downtown,0.63,0.44,0.98,0.85,0.36,0.88,0.75,0.31,0.54,0.35,0.51,0.05,0.08,0.60,0.37,0.90
297,Uptown,0.67,0.92,0.35,0.12,0.32,0.09,0.05,0.91,0.01,0.15,0.77,0.33,0.75,0.23,0.52,0.94
298,Promenade,0.01,0.88,0.99,0.92,0.98,0.24,0.55,0.19,0.06,0.67,0.38,0.20,0.75,0.76,0.80,0.07
299,Financial District,0.39,0.91,0.13,0.94,0.09,0.65,0.59,0.49,0.02,0.48,0.97,0.99,0.17,0.49,0.40,0.36
300,OceanView,0.40,0.73,0.87,0.39,0.92,0.24,0.14,0.79,0.64,0.32,0.13,0.38,0.11,0.08,0.96,0.30
301,Oceanside,0.54,0.21,0.17,0.24,0.60,0.00,0.13,0.25,0.60,0.16,0.81,0.57,0.69,0.04,0.67,0.35
302,Soma,0.81,0.60,0.35,0.11,0.54,0.78,0.47,0.60,0.37,0.40,0.62,0.81,0.01,0.61,0.97,0.30
303,Western Addition,0.66,0.13,0.20,0.82,0.85,0.79,0.34,0.92,0.66,0.89,0.67,0.51,0.96,0.03,0.95,0.27
304,Chinatown,0.31,0.29,0.77,0.57,0.50,0.79,0.45,0.94,0.35,0.53,0.39,0.20,0.49,0.63,0.81,0.36
305,Japantown,0.92,0.00,0.54,1.00,0.22,0.27,0.66,0.08,0.26,0.02,0.40,0.97,0.37,0.07,0.69,0.23
306,Little Italy,0.84,0.39,0.38,0.48,0.87,0.23,0.17,0.34,0.38,0.32,0.06,0.14,0.60,0.27,0.47,0.92
307,Live View,0.17,0.99,0.12,0.87,0.35,0.01,0.18,0.40,0.87,0.06,0.15,0.05,0.11,0.64,0.37,0.44
308,undefined,0.37,0.03,0.27,0.75,0.41,0.10,0.39,0.88,0.55,0.24,0.06,0.78,0.37,0.53,0.25,0.50
309,Hills,0.37,0.82,0.96,0.40,0.57,0.34,0.49,0.12,0.79,0.78,0.89,0.97,0.80,0.10,0.15,0.23
310,Downtown,0.59,0.97,0.27,0.60,0.58,0.23,0.30,0.36,0.82,0.79,0.13,0.29,0.93,0.25,0.48,0.96
311,Uptown,0.38,0.02,0.51,0.46,0.11,0.59,0.11,0.87,0.48,0.48,0.05,0.38,0.01,0.15,0.09,0.13
312,Promenade,0.80,0.34,0.35,0.97,0.63,0.99,0.77,0.34,0.57,0.04,0.34,0.54,0.92,0.18,0.37,0.72
313,Financial District,0.36,0.19,0.41,0.96,0.64,0.76,0.03,0.73,0.01,0.27,0.56,0.32,0.02,0.72,0.60,0.79
314,OceanView,0.95,0.43,0.74,0.14,0.42,0.34,0.76,0.53,0.65,0.04,0.68,0.81,0.68,0.25,0.02,0.18
315,Oceanside,0.86,0.50,0.29,0.73,0.26,0.58,0.30,0.50,0.66,0.95,0.66,0.27,0.36,0.16,0.31,0.61
316,Soma,0.84,0.77,0.03,0.88,0.20,0.79,0.92,0.39,0.74,0.31,0.58,0.45,0.20,0.09,0.90,0.57
317,Western Addition,0.93,0.10,0.61,0.03,0.21,0.88,0.12,0.98,0.88,0.22,0.45,0.40,0.50,0.71,0.34,0.48
318,Chinatown,0.94,0.62,0.97,0.68,0.81,0.29,0.93,0.76,0.87,0.67,0.47,0.31,0.47,0.96,0.74,0.98
319,Japantown,0.64,0.37,0.67,0.93,0.21,0.61,0.98,0.64,0.38,0.05,0.27,0.69,0.76,0.22,0.45,0.33
320,Little Italy,0.07,0.04,0.02,0.86,0.60,0.91,0.50,0.42,0.08,0.08,0.57,0.94,0.02,0.18,0.17,0.27
321,Live View,0.11,0.95,0.35,0.11,0.70,0.52,0.83,0.47,0.43,0.79,0.56,0.54,0.49,0.31,0.71,0.24
322,undefined,0.27,0.97,0.01,0.26,0.93,0.28,0.72,0.73,0.05,0.64,0.14,0.63,0.76,0.34,0.79,0.72
323,Hills,0.04,0.45,0.21,0.32,0.44,0.71,0.84,0.52,0.54,0.23,0.09,0.13,0.79,0.62,0.33,0.27
324,Downtown,0.91,0.63,0.62,0.88,1.00,0.66,0.15,0.49,0.07,0.57,0.11,0.39,0.36,0.91,0.09,0.43
325,Uptown,0.95,0.20,0.22,0.29,0.35,0.66,0.24,0.65,0.14,0.58,0.92,0.71,0.22,0.01,0.24,0.92
326,Promenade,0.03,0.99,0.88,0.23,0.84,0.45,0.37,0.09,0.88,0.52,0.38,0.86,0.67,0.36,0.01,0.62
327,Financial District,0.00,0.90,0.56,0.29,0.95,0.13,0.09,0.47,0.15,0.82,0.03,0.53,0.98,0.74,0.52,0.36
328,OceanView,0.75,0.30,0.53,0.81,0.15,0.87,0.50,0.67,0.07,0.51,0.59,0.59,0.53,0.83,0.50,0.65
329,Oceanside,0.39,0.05,0.55,0.05,0.02,0.96,0.53,0.01,0.52,0.91,0.20,0.06,0.68,0.68,0.75,0.52
330,Soma,0.69,0.23,0.02,0.34,0.83,0.78,0.48,0.99,0.13,0.56,0.21,0.06,0.94,0.21,0.33,0.46
331,Western Addition,0.92,0.87,0.65,0.65,1.00,0.50,0.49,0.12,0.27,0.65,0.25,0.14,0.46,0.19,0.26,0.34
332,Chinatown,0.84,0.61,0.23,0.87,0.63,0.09,0.98,0.66,0.79,0.68,0.73,0.77,0.93,0.65,0.98,0.44
333,Japantown,0.13,0.90,0.03,0.19,0.53,0.05,0.55,0.24,0.38,0.28,0.25,0.44,0.53,0.22,0.53,0.26
334,Little Italy,0.64,0.53,0.01,0.91,0.98,0.68,0.70,0.38,0.15,0.25,0.72,0.20,0.70,0.09,0.24,0.95
335,Live View,0.74,0.48,0.32,0.72,0.01,0.14,0.03,0.07,0.51,0.75,0.57,0.99,0.71,0.96,0.12,0.76
336,undefined,0.83,0.13,0.14,0.57,0.16,0.73,0.29,0.87,0.91,0.87,0.13,0.94,0.18,0.53,0.17,0.07
337,Hills,0.55,0.66,0.46,0.34,0.05,0.67,0.13,0.90,0.98,0.84,0.97,0.04,0.73,0.63,0.01,0.41
338,Downtown,0.93,0.24,0.49,0.03,0.50,0.37,0.29,0.43,0.99,0.48,0.35,0.46,0.08,0.82,0.74,0.03
339,Uptown,0.69,0.26,0.53,0.95,0.34,0.01,0.41,0.09,0.40,0.64,0.56,0.60,0.52,0.13,0.29,0.27
340,Promenade,0.35,0.05,0.27,0.53,0.80,0.03,0.86,0.90,0.45,0.31,0.22,0.94,0.79,0.32,0.80,0.59
341,Financial District,0.61,0.33,0.96,0.18,0.80,0.43,0.14,0.99,0.11,0.55,0.83,0.78,0.77,0.22,0.30,0.07
342,OceanView,0.08,0.88,0.49,0.24,0.26,0.24,0.35,0.68,0.39,0.41,0.42,0.45,0.05,0.75,0.97,0.46
343,Oceanside,0.30,0.00,0.02,0.70,0.60,0.36,0.85,0.80,0.85,0.17,0.20,0.88,0.94,0.22,0.15,0.85
344,Soma,0.20,0.55,0.69,0.69,0.50,0.98,0.84,0.75,0.94,0.03,0.81,0.04,0.28,0.22,0.36,0.10
345,Western Addition,0.25,1.00,0.30,0.88,0.40,0.85,0.23,0.24,0.10,0.23,0.96,0.43,0.05,0.60,0.73,0.09
346,Chinatown,0.35,0.31,0.15,0.83,0.29,0.71,0.31,0.33,0.51,0.99,0.54,0.83,0.36,0.80,0.74,0.96
347,Japantown,0.13,0.30,0.30,0.82,0.92,0.12,0.92,0.20,0.91,0.09,0.90,0.75,0.90,0.02,0.40,0.77
348,Little Italy,0.17,0.75,0.69,0.17,0.52,0.49,0.89,0.25,0.23,0.95,0.32,0.67,0.73,0.09,0.05,0.24
349,Live View,0.68,0.79,0.92,0.69,0.99,0.28,0.60,0.28,0.57,0.99,0.61,0.33,0.68,0.98,0.40,0.60
350,undefined,0.28,0.67,0.99,0.35,0.59,0.04,0.23,0.71,0.50,0.27,0.99,0.53,0.63,0.00,0.26,0.61
351,Hills,0.11,0.89,0.26,0.79,0.66,0.26,0.09,0.20,0.25,0.36,0.74,0.48,0.59,0.96,0.92,0.01
352,Downtown,0.63,0.02,0.74,0.48,0.25,0.13,0.35,0.85,0.02,0.97,0.60,0.98,0.75,0.65,0.64,0.26
353,Uptown,0.42,0.11,0.12,0.87,0.92,0.63,0.87,0.97,0.28,0.17,0.98,0.52,0.66,0.45,0.75,0.60
354,Promenade,0.02,0.86,0.92,0.48,0.02,0.49,0.63,0.20,0.52,0.60,0.98,0.20,0.18,0.24,0.58,0.51
355,Financial District,0.85,0.17,0.72,0.80,0.01,0.87,0.16,0.39,0.24,0.63,0.69,0.93,0.70,0.67,0.44,0.40
356,OceanView,0.42,0.31,0.06,0.43,0.50,0.58,0.98,0.19,0.35,0.31,0.37,0.86,0.69,0.08,0.07,0.57
357,Oceanside,0.47,0.88,0.65,0.44,0.54,0.39,0.96,0.78,0.96,0.02,0.91,0.13,0.00,0.12,0.01,0.80
358,Soma,0.71,0.62,0.13,0.87,0.31,0.73,0.10,0.66,0.60,0.60,0.26,0.60,1.00,0.15,0.27,0.53
359,Western Addition,0.98,0.07,0.43,0.31,0.94,0.34,0.91,0.88,0.95,0.83,0.42,0.11,0.41,0.32,0.62,0.85
360,Chinatown,0.05,0.99,0.91,0.03,0.35,0.96,0.32,0.11,0.88,0.72,0.27,0.01,0.81,0.05,0.28,0.81
361,Japantown,0.19,0.76,0.94,0.62,0.04,0.17,0.29,0.79,0.98,0.79,0.67,0.32,0.73,0.79,0.60,0.94
362,Little Italy,0.06,0.88,0.85,0.86,0.47,0.22,0.12,0.46,0.26,0.23,0.71,0.29,0.27,0.91,0.09,0.43
363,Live View,0.63,0.41,0.14,0.85,0.06,0.88,0.03,0.22,0.17,0.38,0.66,0.85,0.92,0.84,0.51,0.38
364,undefined,0.37,0.95,0.80,0.67,0.15,0.17,0.84,0.32,0.10,0.37,0.05,0.88,0.61,0.33,0.81,0.15
365,Hills,0.64,0.45,0.04,0.50,0.65,0.40,0.66,0.55,0.91,0.34,0.38,0.40,0.11,0.28,0.23,0.05
366,Downtown,0.67,0.15,0.52,0.84,0.28,0.25,0.40,0.93,0.27,0.41,0.52,0.71,0.10,0.48,0.49,0.64
367,Uptown,0.77,0.32,0.74,0.43,0.09,0.75,0.22,0.56,0.08,0.13,0.85,0.91,0.40,0.46,0.51,0.64
368,Promenade,0.50,0.60,0.03,0.30,0.22,0.40,0.77,0.77,0.98,0.33,0.79,0.80,0.75,0.50,0.69,0.49
369,Financial District,0.42,0.30,0.45,0.50,0.60,0.91,0.17,0.89,0.20,0.41,0.82,0.74,0.80,0.51,0.51,0.49
370,OceanView,0.21,0.79,0.44,0.14,0.50,0.89,0.33,0.99,0.22,0.30,0.16,0.72,0.62,0.54,0.13,0.78
371,Oceanside,0.40,0.86,0.93,0.98,0.60,0.98,0.70,0.59,0.44,0.29,0.07,0.42,0.23,0.21,0.02,0.14
372,Soma,0.27,0.08,0.66,0.79,0.31,0.70,0.27,0.25,0.03,0.94,0.61,0.99,0.37,0.94,0.59,0.51
373,Western Addition,0.90,0.24,0.48,0.02,0.70,0.97,0.20,0.24,0.29,0.65,0.53,0.23,0.10,0.48,0.69,0.84
374,Chinatown,0.99,0.70,0.23,0.28,0.45,0.98,0.16,0.38,0.42,0.50,0.61,0.47,0.52,0.94,0.55,0.61
375,Japantown,0.32,0.43,0.26,0.88,0.69,0.59,0.46,0.01,0.37,0.38,0.18,0.90,0.28,0.21,0.01,0.94
376,Little Italy,0.87,0.76,0.30,0.06,0.71,0.68,0.71,0.67,0.25,0.19,0.93,0.58,0.10,0.29,0.37,0.19
377,Live View,0.32,0.89,0.61,1.00,0.74,0.72,0.54,0.15,0.23,0.53,0.80,0.50,0.19,0.14,0.34,0.17
378,undefined,0.48,0.08,0.49,0.61,0.96,0.69,0.41,0.69,0.48,0.04,0.89,0.90,0.04,0.77,0.66,0.05
379,Hills,0.13,0.33,0.42,0.22,0.27,0.80,0.43,1.00,0.67,0.74,0.29,0.51,0.34,0.08,0.06,0.23
380,Downtown,0.18,0.57,0.59,0.88,0.12,0.29,0.67,0.41,0.69,0.68,0.18,0.78,0.19,0.22,0.50,0.14
381,Uptown,0.37,0.68,0.21,0.83,0.81,0.32,0.46,0.20,0.55,0.65,0.34,0.22,0.55,0.64,0.67,0.63
382,Promenade,0.61,0.02,0.92,0.62,0.64,0.76,0.88,1.00,0.86,0.06,0.31,0.63,0.79,0.18,0.19,0.20
383,Financial District,0.73,0.31,0.30,0.13,0.73,0.70,0.62,0.14,0.33,0.89,0.13,0.55,0.03,0.49,0.81,0.97
384,OceanView,0.79,0.79,0.72,0.04,0.41,0.27,0.00,0.85,0.19,0.46,0.10,0.30,0.29,0.94,0.29,0.65
385,Oceanside,0.38,0.64,0.42,0.53,0.05,0.11,0.81,0.14,0.20,0.24,0.63,0.65,0.82,0.87,0.31,0.13
386,Soma,0.69,0.04,0.24,0.91,0.48,0.03,0.43,0.39,0.71,0.50,0.81,0.77,0.57,0.66,0.50,0.53
387,Western Addition,0.95,0.84,0.28,0.62,0.93,0.58,0.51,0.43,0.93,0.55,0.59,0.50,0.12,0.89,0.83,0.27
388,Chinatown,0.44,0.28,0.96,0.98,0.95,0.78,0.03,0.07,0.28,0.60,0.11,0.52,0.10,0.76,0.94,0.36
389,Japantown,0.74,0.24,0.26,0.16,0.81,0.92,0.02,0.60,0.45,0.06,0.18,0.76,0.37,0.83,0.14,0.03
390,Little Italy,0.88,0.92,0.31,0.04,0.53,0.85,0.89,0.73,0.53,0.14,0.40,0.52,0.81,0.10,0.47,0.47
391,Live View,0.06,0.80,0.28,0.74,0.04,0.18,0.12,0.52,0.17,0.26,0.98,0.28,0.89,0.23,0.48,0.08
392,undefined,0.59,0.98,0.85,0.20,0.73,0.04,0.14,0.67,0.40,0.36,0.28,0.42,0.25,0.03,0.36,0.89
393,Hills,0.36,0.14,0.61,0.98,0.25,0.05,0.01,0.44,0.08,0.60,0.55,0.19,0.46,0.16,0.48,0.87
394,Downtown,0.17,0.30,0.54,0.52,0.48,0.33,0.93,0.60,0.20,0.48,0.25,0.75,0.68,0.75,0.41,0.17
395,Uptown,0.88,0.62,0.14,0.43,0.22,0.00,0.61,0.45,0.99,0.36,0.09,0.53,0.36,0.23,0.19,0.87
396,Promenade,0.28,0.32,0.80,0.47,0.96,0.45,0.96,0.50,0.91,0.13,0.44,0.34,0.59,0.34,0.56,0.78
397,Financial District,0.99,0.53,0.73,0.78,0.45,0.31,0.09,0.34,0.69,0.81,0.50,0.04,0.27,0.09,0.92,0.24
398,OceanView,0.86,0.38,0.71,0.83,0.15,0.06,0.47,0.65,0.38,0.07,0.10,0.75,0.01,0.37,0.73,0.17
399,Oceanside,0.65,0.43,0.02,0.63,0.18,0.78,0.45,0.30,0.42,0.38,0.89,0.69,0.13,0.64,0.94,0.70
400,Soma,0.44,0.41,0.59,0.95,0.56,0.46,0.61,0.72,0.70,0.70,0.00,0.68,0.12,0.72,0.25,0.50
401,Western Addition,0.34,0.11,0.62,0.09,0.75,0.64,0.31,0.83,0.98,0.83,0.09,0.10,0.68,0.84,0.56,0.89
402,Chinatown,0.45,0.77,0.67,0.16,0.93,0.80,0.81,0.61,0.86,0.26,0.87,0.28,0.82,0.27,0.62,0.07
403,Japantown,0.42,0.84,0.63,0.19,0.15,0.37,0.31,0.45,0.94,0.32,0.81,0.43,0.35,0.01,0.23,0.58
404,Little Italy,0.14,0.31,0.95,0.77,0.93,0.75,0.57,0.55,0.20,0.95,0.04,0.84,0.87,0.07,0.38,0.83
405,Live View,0.13,0.35,0.52,0.97,0.26,0.98,0.43,0.96,0.31,0.53,0.02,0.75,0.86,0.74,0.83,0.87
406,undefined,0.74,0.16,0.95,0.35,0.16,0.68,0.07,0.61,0.10,0.25,0.91,0.15,0.11,0.99,0.50,0.30
407,Hills,0.78,0.30,0.39,0.38,0.33,0.09,0.26,0.75,0.48,0.73,0.23,0.66,0.72,0.35,0.07,0.38
408,Downtown,0.46,0.81,0.27,0.29,0.73,0.38,0.61,0.84,0.37,0.36,0.95,0.82,0.48,0.94,0.59,0.69
409,Uptown,0.67,0.54,0.84,0.96,0.05,0.03,0.77,0.13,0.74,0.63,0.12,0.42,0.57,0.26,0.87,0.44
410,Promenade,0.74,0.42,0.69,0.95,0.62,0.43,0.21,0.90,0.86,0.32,0.37,0.67,0.44,0.20,0.51,0.79
411,Financial District,0.69,0.75,0.14,0.92,0.45,0.62,0.95,0.41,0.52,0.95,0.36,0.71,0.12,0.46,0.05,0.59
412,OceanView,0.72,0.47,0.17,0.90,0.60,0.85,0.26,0.62,0.10,0.86,0.69,0.22,0.21,0.12,0.32,0.77
413,Oceanside,0.83,0.68,0.65,0.97,0.96,0.38,0.60,0.68,0.17,0.98,0.54,0.97,0.21,0.23,0.46,0.57
414,Soma,0.04,0.24,0.47,0.28,0.14,0.65,0.65,0.49,0.18,0.89,0.19,0.66,0.49,0.89,0.13,0.93
415,Western Addition,0.24,0.03,0.53,0.15,0.99,0.55,0.00,0.19,0.07,0.27,0.28,0.63,0.59,0.61,0.30,0.96
416,Chinatown,0.29,0.64,0.71,0.21,0.81,0.97,0.16,0.12,0.30,0.69,0.14,0.17,0.64,0.47,0.35,0.62
417,Japantown,0.45,0.30,0.29,0.05,0.05,0.22,0.00,0.80,0.44,0.77,0.93,0.21,0.27,0.45,0.94,0.25
418,Little Italy,0.29,0.98,0.19,0.79,0.42,0.47,0.58,0.95,0.62,0.15,0.41,0.32,0.04,0.08,0.22,0.44
419,Live View,0.81,0.01,0.85,0.59,0.36,0.30,0.30,0.78,0.33,0.51,0.12,0.55,0.49,0.21,0.81,0.43
420,undefined,0.58,0.53,0.48,0.98,0.28,0.70,0.93,0.66,0.53,0.84,0.65,0.92,0.91,0.76,0.79,0.61
421,Hills,0.84,0.82,0.86,0.03,0.24,0.77,0.49,0.78,0.98,0.31,0.89,0.20,0.95,0.31,0.69,0.88
422,Downtown,0.41,0.80,0.13,0.60,0.61,0.09,0.06,0.89,0.76,0.91,0.71,0.60,0.62,0.06,0.17,0.91
423,Uptown,0.33,0.49,0.35,0.59,0.85,0.27,0.95,0.86,0.15,0.90,0.18,0.11,0.31,0.62,0.02,0.51
424,Promenade,0.70,0.38,0.85,0.93,0.78,0.27,0.51,0.65,0.97,0.63,0.64,0.59,0.13,0.51,0.12,0.23
425,Financial District,0.43,0.00,0.18,0.92,0.16,0.19,0.67,0.21,0.62,0.12,0.79,0.84,0.11,0.29,0.49,0.58
426,OceanView,0.70,0.49,0.84,0.93,0.41,0.14,0.49,0.03,0.20,0.68,0.48,0.04,0.67,0.47,0.28,0.13
427,Oceanside,0.19,0.91,0.13,0.29,0.32,0.18,0.86,0.07,0.32,0.18,0.81,0.25,0.77,0.28,0.83,0.75
428,Soma,0.16,0.13,0.81,0.18,0.50,0.50,0.62,0.50,0.08,0.13,0.10,0.46,0.78,0.27,0.14,0.56
429,Western Addition,0.88,0.41,0.61,0.55,0.86,0.48,0.42,0.53,0.35,0.13,0.73,0.58,0.10,0.68,0.69,0.80
430,Chinatown,0.23,0.88,0.79,0.75,0.59,0.27,0.02,0.93,0.79,0.39,0.94,0.81,0.82,0.07,0.79,0.60
431,Japantown,0.66,0.36,0.89,0.01,1.00,0.29,0.32,0.18,0.26,0.06,0.50,0.59,0.23,0.76,0.23,0.99
432,Little Italy,0.53,0.01,0.40,0.28,0.11,0.30,0.28,0.45,0.77,0.87,0.08,0.76,0.44,0.18,0.37,0.96
433,Live View,0.13,0.56,0.46,0.36,0.63,0.53,0.85,0.48,0.46,0.17,0.77,0.21,0.08,0.06,0.84,0.83
434,undefined,0.10,0.61,0.83,0.93,0.74,0.58,0.87,0.47,0.68,0.58,0.28,0.97,0.46,0.36,0.15,0.57
435,Hills,0.88,0.33,0.90,0.42,0.92,0.54,0.54,0.62,0.82,0.82,0.83,0.59,0.20,0.25,0.57,0.75
436,Downtown,0.04,0.42,0.93,0.24,0.46,0.54,0.17,0.42,0.02,0.54,0.48,0.45,0.14,0.90,0.63,0.80
437,Uptown,0.01,0.61,0.25,0.47,0.70,0.91,0.69,0.74,0.17,0.51,0.73,0.45,0.91,0.48,0.76,0.30
438,Promenade,0.44,0.67,0.79,0.96,0.42,0.33,0.28,0.64,0.38,0.71,0.93,0.77,0.69,0.72,0.75,0.68
439,Financial District,0.88,0.62,0.35,0.80,0.25,0.54,0.75,0.39,0.40,0.43,0.83,0.09,0.97,0.62,0.71,0.06
440,OceanView,0.73,0.16,0.77,0.10,0.74,0.28,0.07,0.20,0.76,0.31,0.55,0.35,0.88,0.02,0.70,0.12
441,Oceanside,0.21,0.61,0.45,0.90,0.76,0.52,0.45,0.84,0.37,0.94,0.20,0.35,0.65,0.82,0.22,0.04
442,Soma,1.00,0.37,0.74,0.91,0.30,0.71,0.03,0.33,0.12,0.97,0.75,0.91,0.13,0.28,0.98,0.07
443,Western Addition,0.05,0.11,0.83,0.62,0.93,0.77,0.71,0.27,0.31,0.64,0.75,0.43,0.12,0.27,0.80,0.68
444,Chinatown,0.01,0.01,0.59,0.43,0.07,0.94,0.73,0.72,0.82,0.17,0.18,0.75,0.36,0.81,0.56,0.40
445,Japantown,0.53,0.65,0.51,0.69,0.66,0.28,0.63,0.47,0.20,0.70,0.48,0.40,0.92,0.50,0.62,0.83
446,Little Italy,0.08,0.49,0.80,0.03,0.32,0.91,0.56,0.86,0.91,0.14,0.88,0.75,0.37,0.75,0.25,0.89
447,Live View,0.54,0.61,0.11,0.97,0.02,0.81,0.09,0.13,0.72,0.15,0.55,0.36,0.10,0.49,0.38,0.33
448,undefined,0.14,0.42,0.55,0.14,0.82,0.49,0.50,0.16,0.56,0.06,0.40,0.92,0.62,0.11,0.72,0.69
449,Hills,0.86,0.43,0.91,0.06,0.20,0.56,0.63,0.70,0.59,0.16,0.97,0.04,0.70,0.15,0.05,0.23
450,Downtown,0.48,0.74,0.30,0.00,0.96,0.59,0.80,0.90,0.50,0.62,0.09,0.07,0.81,0.62,0.02,0.54
451,Uptown,0.71,0.04,0.25,0.14,0.37,0.52,0.62,0.09,0.82,0.36,0.90,0.92,0.63,0.90,0.40,0.05
452,Promenade,0.55,0.90,0.54,0.20,0.14,0.06,0.71,0.86,0.93,0.46,0.08,0.16,0.11,0.01,0.86,0.61
453,Financial District,0.51,0.66,0.88,0.71,0.16,0.99,0.56,0.87,0.18,0.34,0.81,0.31,0.29,0.24,0.13,0.80
454,OceanView,0.62,0.27,0.72,0.52,0.56,0.14,0.00,0.22,0.73,0.33,0.28,1.00,0.19,0.82,0.09,0.62
455,Oceanside,0.52,0.42,0.11,0.82,0.84,0.37,0.69,0.06,0.78,0.78,0.52,0.13,0.25,0.90,0.53,0.60
456,Soma,0.95,0.90,0.79,0.35,0.27,0.06,0.62,0.42,0.67,0.89,0.06,0.94,0.10,0.05,0.83,0.23
457,Western Addition,0.95,0.86,0.22,0.89,0.07,0.11,0.75,0.37,0.17,0.86,0.60,0.81,0.20,0.78,0.25,0.81
458,Chinatown,0.98,0.19,0.18,0.73,0.26,0.72,0.27,0.88,0.69,0.61,0.92,0.47,0.01,0.57,0.78,0.57
459,Japantown,0.42,0.97,0.61,0.62,0.07,0.18,0.27,0.20,0.24,0.24,0.45,0.59,0.87,0.01,0.95,0.17
460,Little Italy,0.12,0.02,0.04,0.22,0.60,0.42,0.37,0.20,0.65,0.84,0.07,0.94,0.88,0.94,0.16,0.71
461,Live View,0.41,0.65,0.48,0.90,0.71,0.79,0.34,0.85,0.99,0.93,0.43,0.66,0.93,0.38,0.79,0.59
462,undefined,0.54,0.25,0.13,0.65,0.87,0.86,0.23,0.20,0.44,0.44,0.09,0.29,0.45,0.57,0.25,0.86
463,Hills,0.84,0.63,0.48,0.48,0.10,0.72,0.04,0.29,0.57,0.53,0.07,0.44,0.71,0.45,0.30,0.08
464,Downtown,0.22,0.01,0.33,0.75,0.97,0.35,0.55,0.39,0.76,0.90,0.33,0.17,0.56,0.48,0.01,0.81
465,Uptown,0.99,0.18,0.78,0.53,0.21,0.23,0.23,0.11,0.93,0.27,0.63,0.79,0.93,0.38,0.85,0.59
466,Promenade,0.89,0.55,0.76,0.17,0.04,0.44,0.25,0.60,0.15,0.77,0.08,0.00,0.17,0.71,0.91,0.66
467,Financial District,0.14,0.79,0.06,0.55,0.61,0.43,0.18,0.97,0.54,0.22,0.86,0.71,0.38,0.85,0.93,0.50
468,OceanView,0.62,0.06,0.79,0.77,0.89,0.79,0.11,0.76,0.72,0.10,0.47,0.31,0.65,0.01,0.28,0.19
469,Oceanside,0.11,0.80,0.45,0.18,0.02,0.93,0.41,0.41,0.16,0.06,0.59,0.76,0.22,0.12,0.65,0.75
470,Soma,0.21,0.93,0.63,0.85,0.22,0.44,0.02,0.93,0.51,0.93,0.15,0.23,0.14,0.18,0.36,0.91
471,Western Addition,0.42,0.39,0.60,0.96,0.61,0.35,0.75,0.45,0.68,0.90,0.47,0.76,0.05,0.84,0.21,0.30
472,Chinatown,0.99,0.13,0.57,0.54,0.21,0.49,0.44,0.28,0.98,0.69,0.92,0.64,0.86,0.63,0.60,0.45
473,Japantown,0.81,0.74,0.11,0.66,0.25,0.27,0.33,0.71,0.75,0.47,0.41,0.06,0.83,0.41,0.79,0.12
474,Little Italy,0.46,0.20,0.93,0.50,0.82,0.05,0.40,0.47,0.61,0.11,0.29,0.28,0.92,0.34,0.52,0.40
475,Live View,0.18,0.17,0.78,0.40,0.84,0.42,0.55,0.83,0.93,0.11,0.98,0.99,0.65,0.61,0.03,1.00
476,undefined,0.44,0.54,0.67,0.43,0.94,0.75,0.50,0.05,0.28,0.70,0.36,0.88,0.79,0.73,0.62,0.14
477,Hills,0.47,0.16,0.26,0.42,0.36,0.24,0.11,0.56,0.90,0.06,0.57,0.02,0.89,0.21,0.04,0.58
478,Downtown,0.91,0.40,0.99,0.01,0.51,0.30,0.21,0.54,0.20,0.05,0.43,0.14,0.70,0.08,0.07,0.37
479,Uptown,0.48,0.96,0.79,0.63,0.18,0.05,0.75,0.48,0.22,0.22,0.14,0.88,0.69,0.83,0.56,0.96
480,Promenade,0.20,0.33,0.74,0.21,0.87,0.82,0.39,0.02,0.67,0.47,0.18,0.69,1.00,0.41,0.61,0.15
481,Financial District,0.45,0.51,0.95,0.93,0.19,0.83,0.55,0.67,0.95,0.32,0.82,0.06,0.17,0.29,0.98,0.48
482,OceanView,0.62,0.58,0.10,0.25,0.73,0.17,0.44,0.55,0.88,0.68,0.00,0.35,0.41,0.88,0.05,0.82
483,Oceanside,0.90,0.27,0.52,0.04,0.29,0.07,0.43,0.97,0.01,0.09,0.80,0.48,0.01,0.87,0.14,0.66
484,Soma,0.59,0.24,0.83,0.27,0.64,0.12,0.45,0.06,0.57,0.94,0.65,0.18,0.79,0.15,0.81,0.92
485,Western Addition,0.46,0.65,0.16,0.55,0.76,0.71,0.52,0.25,0.76,0.64,0.88,0.81,0.89,0.29,0.13,0.11
486,Chinatown,0.33,0.80,0.23,0.16,0.65,0.28,0.07,0.18,0.11,0.26,0.55,0.79,0.86,0.82,0.67,0.23
487,Japantown,0.31,0.77,0.29,0.81,0.68,0.16,0.50,0.77,0.48,0.18,0.29,0.03,0.82,0.02,0.19,0.58
488,Little Italy,0.61,0.99,0.69,0.78,0.72,0.08,0.52,0.44,0.66,0.39,0.38,0.08,0.07,0.03,0.12,0.91
489,Live View,0.10,0.57,0.89,0.48,0.53,0.00,0.41,0.93,0.89,0.02,0.93,0.94,0.16,0.83,0.20,0.32
490,undefined,0.46,0.22,0.72,0.44,0.36,0.48,0.81,0.58,0.47,0.74,0.24,0.68,0.28,0.54,0.65,0.99
491,Hills,0.49,0.79,0.30,0.63,0.69,0.59,0.82,0.04,0.42,0.32,0.35,0.72,0.34,0.13,0.31,0.84
492,Downtown,0.14,0.67,0.89,0.09,0.85,0.23,0.91,0.15,0.77,0.66,0.97,0.02,0.92,0.27,0.08,0.17
493,Uptown,0.28,0.05,0.21,0.89,0.85,0.47,0.93,0.01,0.99,0.40,0.44,0.52,0.07,0.89,0.54,0.34
494,Promenade,0.60,0.83,0.68,0.84,0.67,1.00,0.64,0.55,0.35,0.41,0.29,0.09,0.93,0.70,0.60,0.35
495,Financial District,0.22,0.12,0.86,0.22,0.14,0.44,0.93,0.54,0.19,0.40,0.23,0.25,0.65,0.65,0.01,0.26
496,OceanView,0.03,0.40,0.19,0.45,0.13,0.35,0.24,0.52,0.68,0.47,0.41,0.89,0.37,0.02,0.96,0.28
497,Oceanside,0.99,0.57,0.56,0.36,0.91,0.47,0.15,0.13,0.10,0.97,0.81,0.95,0.68,0.55,0.73,0.58
498,Soma,0.58,0.89,0.90,0.51,0.69,0.77,0.31,0.71,0.52,0.68,0.36,1.00,0.23,0.59,0.30,0.71
499,Western Addition,0.44,0.78,0.79,0.51,0.45,0.04,0.73,0.81,0.44,0.17,0.80,0.06,0.33,0.28,0.57,0.16
500,Chinatown,0.10,0.86,0.60,0.15,0.47,0.96,0.35,0.94,0.40,0.43,0.66,0.75,0.19,0.61,0.57,0.19
501,Japantown,0.91,0.97,0.49,0.84,0.03,0.05,0.48,0.76,0.87,0.64,0.63,0.80,0.76,0.24,0.53,0.01
502,Little Italy,0.94,0.95,0.18,0.74,0.76,0.13,0.57,0.19,0.50,0.60,0.27,0.13,0.79,0.52,0.39,0.16
503,Live View,0.28,0.92,0.80,0.26,0.20,0.09,0.07,0.26,0.97,0.97,0.36,0.15,0.17,0.38,0.15,0.72
504,undefined,0.49,0.26,0.42,0.87,0.15,0.85,0.70,0.54,0.92,0.04,0.06,0.80,0.90,0.99,0.88,0.46
505,Hills,0.91,0.84,0.13,0.23,0.66,0.41,0.29,0.57,0.72,0.57,0.14,0.49,0.31,0.57,1.00,0.16
506,Downtown,0.68,0.55,0.22,0.45,0.45,0.05,0.02,0.30,0.70,0.63,0.10,0.41,0.62,0.73,0.73,0.09
507,Uptown,0.63,0.02,0.76,0.27,0.96,0.82,0.16,0.80,0.05,0.02,0.62,0.61,0.08,0.39,0.05,0.56
508,Promenade,0.00,0.51,0.91,0.99,0.55,0.07,0.76,0.70,0.16,0.00,0.76,0.85,0.29,0.20,0.08,0.90
509,Financial District,0.19,0.82,0.85,0.21,0.63,0.58,0.61,0.67,0.12,0.90,0.55,0.50,0.45,0.81,0.67,0.67
510,OceanView,0.49,0.68,0.01,0.84,0.03,0.81,0.85,0.39,0.71,0.39,0.02,0.81,0.56,0.18,0.86,0.29
511,Oceanside,0.09,0.23,0.73,0.18,0.70,0.91,0.94,0.58,0.89,0.29,0.38,0.58,0.09,0.32,0.66,0.34
512,Soma,0.25,0.13,0.94,0.63,0.13,0.59,0.90,0.81,0.77,0.88,0.07,0.38,0.18,0.30,0.71,0.02
513,Western Addition,0.09,0.28,0.53,0.84,0.91,0.09,0.75,0.16,0.94,0.33,0.24,0.37,0.57,0.91,0.79,0.35
514,Chinatown,0.75,0.73,0.64,0.66,0.30,0.08,0.30,0.50,0.26,0.97,0.12,0.14,0.57,0.56,0.99,0.67
515,Japantown,0.08,0.21,0.20,0.97,0.49,0.62,0.10,0.91,0.50,0.68,0.18,0.55,0.56,0.91,0.20,0.61
516,Little Italy,0.58,0.68,0.16,0.48,0.61,0.65,0.45,0.59,0.28,0.59,0.77,0.74,0.44,0.16,0.99,0.54
517,Live View,0.25,0.06,0.56,0.46,0.96,0.47,0.06,0.76,0.19,0.23,0.20,0.47,0.34,0.57,0.06,0.94
518,undefined,0.69,0.95,0.32,0.26,0.70,0.25,0.89,0.52,0.62,0.25,0.66,0.93,0.14,0.74,0.23,0.42
519,Hills,0.43,0.58,0.22,0.48,0.60,0.43,0.76,0.00,0.53,0.65,0.31,0.74,0.60,0.66,0.53,0.70
520,Downtown,0.96,0.45,0.53,0.80,0.26,0.62,0.97,0.26,0.33,0.07,0.04,0.46,0.50,0.57,0.82,0.06
521,Uptown,0.41,0.51,0.74,0.80,0.80,0.74,0.43,0.78,0.53,0.96,0.37,0.68,0.23,0.44,0.41,0.62
522,Promenade,0.51,0.56,0.49,0.29,0.75,0.69,0.13,0.08,0.76,0.66,0.25,0.49,0.65,0.35,0.18,0.89
523,Financial District,0.25,0.83,0.33,0.35,0.71,0.74,0.77,0.51,0.38,0.57,0.64,0.70,0.29,0.62,0.67,0.70
524,OceanView,0.01,0.28,0.45,0.43,0.98,0.92,0.61,0.61,0.87,0.70,0.36,0.51,0.74,0.70,0.28,0.68
525,Oceanside,0.67,0.70,0.77,0.20,0.69,0.81,0.12,0.70,0.64,0.93,0.10,0.46,0.96,0.18,0.71,0.58
526,Soma,0.15,0.31,0.84,0.11,0.56,0.08,0.81,0.15,0.59,0.33,0.12,0.35,0.57,0.91,0.80,0.22
527,Western Addition,0.21,0.28,0.12,0.51,0.13,0.07,0.62,0.67,0.13,0.46,0.04,0.11,0.18,0.92,0.62,0.82
528,Chinatown,0.12,0.05,0.41,0.38,0.58,0.03,0.04,0.84,0.11,0.58,0.33,0.05,0.50,0.48,0.06,0.75
529,Japantown,0.31,0.13,0.11,0.38,0.52,0.98,0.92,0.62,0.49,0.69,0.23,0.16,0.08,0.25,0.74,0.76
530,Little Italy,0.77,0.69,0.24,0.23,0.71,0.12,0.17,0.24,0.90,0.34,0.31,0.03,0.28,0.73,0.93,0.24
531,Live View,0.68,0.04,0.49,0.64,0.71,0.20,0.18,0.25,0.26,0.06,0.54,0.99,0.65,0.51,0.97,0.40
532,undefined,0.22,0.47,0.88,0.39,0.12,0.84,0.79,0.75,0.65,0.24,0.88,0.63,0.31,0.38,0.93,0.40
533,Hills,0.69,0.68,0.14,0.72,0.60,0.64,0.92,0.16,0.37,0.21,0.50,0.13,0.62,0.09,0.36,0.32
534,Downtown,0.53,0.60,0.65,0.49,0.30,0.61,0.80,0.38,0.12,0.26,0.57,0.18,0.17,0.29,0.76,0.09
535,Uptown,0.37,0.85,0.18,0.53,0.54,0.18,0.22,0.69,0.94,0.80,0.68,0.83,0.52,0.61,0.24,0.69
536,Promenade,0.26,0.33,0.06,0.42,0.08,0.20,0.90,0.02,0.16,0.98,0.64,0.20,0.24,0.83,0.78,0.74
537,Financial District,0.04,0.60,0.21,0.01,0.19,0.67,0.79,0.52,0.22,0.83,0.48,0.93,0.45,0.62,0.68,0.06
538,OceanView,0.46,0.55,0.39,0.01,0.17,0.44,0.36,0.65,0.97,0.71,0.12,0.26,0.47,0.84,0.78,0.57
539,Oceanside,0.66,0.80,0.39,0.67,0.97,0.56,0.46,0.37,0.63,0.42,0.41,0.45,0.64,0.98,0.25,0.07
540,Soma,0.31,0.35,0.17,0.59,0.01,0.87,0.15,0.20,0.42,0.47,0.62,0.37,0.53,0.55,0.25,0.35
541,Western Addition,0.88,0.26,0.35,0.58,0.93,0.86,0.38,0.30,0.94,0.56,0.59,0.12,0.63,0.19,0.12,0.54
542,Chinatown,0.81,0.16,0.92,0.47,0.79,0.59,0.62,0.67,0.88,0.41,0.67,0.99,0.56,0.78,0.25,0.69
543,Japantown,0.63,0.67,0.98,0.33,0.99,0.65,0.13,0.69,0.16,0.09,0.40,0.90,0.16,0.37,0.36,0.32
544,Little Italy,0.73,0.75,0.29,0.08,0.00,0.64,0.38,0.69,0.86,0.62,0.98,0.82,0.27,0.77,0.88,0.71
545,Live View,0.98,0.39,0.55,0.02,0.79,0.34,0.44,0.28,0.79,0.57,0.01,0.21,0.09,0.63,0.75,0.62
546,undefined,0.82,0.49,0.01,0.64,0.04,0.44,0.17,0.50,0.55,0.65,0.44,0.79,0.08,0.23,0.24,0.66
547,Hills,0.17,0.36,0.57,0.42,0.61,0.38,0.83,0.27,0.85,0.65,0.91,0.05,0.23,0.57,0.70,0.96
548,Downtown,0.39,0.65,0.38,0.01,0.57,0.28,0.03,0.91,0.80,0.24,0.85,0.60,0.37,0.82,0.30,0.49
549,Uptown,0.84,0.67,0.88,0.37,0.97,0.44,0.97,0.19,0.92,0.90,0.04,0.66,0.52,0.83,0.09,0.03
550,Promenade,0.14,0.23,0.40,0.97,0.07,0.40,0.13,0.67,0.96,0.25,0.01,0.41,0.62,0.14,0.53,0.99
551,Financial District,0.78,0.53,0.54,0.51,0.22,0.33,1.00,0.76,0.62,0.27,0.30,0.31,0.36,0.43,0.88,0.83
552,OceanView,0.34,0.06,0.37,0.70,0.58,0.98,0.04,0.05,0.96,0.73,0.78,0.66,0.63,0.23,0.58,0.54
553,Oceanside,0.34,0.24,0.03,0.95,0.90,0.98,0.94,0.88,0.31,0.97,0.96,0.05,0.09,0.31,0.92,0.31
554,Soma,0.32,0.70,0.37,0.86,0.49,0.99,0.45,0.71,0.96,0.71,0.20,0.33,0.69,0.87,0.24,0.03
555,Western Addition,0.15,0.25,0.35,0.67,0.94,0.31,0.29,0.27,0.45,0.96,0.57,0.04,0.01,0.37,0.93,0.06
556,Chinatown,0.32,0.75,0.09,0.56,0.05,0.64,0.34,0.18,0.95,0.31,0.67,0.34,0.96,0.30,0.34,0.58
557,Japantown,0.80,0.86,0.45,0.70,0.24,0.64,0.29,0.14,0.36,0.37,0.74,0.23,0.40,0.06,0.58,0.77
558,Little Italy,0.02,0.91,0.50,0.92,0.64,0.34,0.14,0.27,0.81,0.95,0.06,0.56,0.06,0.69,0.96,0.08
559,Live View,0.13,0.05,0.85,0.67,0.16,0.61,0.76,0.82,0.97,0.90,0.20,0.02,0.62,0.61,0.92,0.01
560,undefined,0.63,0.24,0.19,0.83,0.89,0.93,0.95,0.59,0.65,0.08,0.25,0.42,0.92,0.70,0.12,0.81
561,Hills,0.92,0.29,0.56,0.92,0.01,0.08,0.90,0.73,0.31,0.73,0.38,0.25,0.01,0.89,0.84,0.92
562,Downtown,0.02,0.95,0.84,0.64,0.38,0.24,0.13,0.60,0.41,0.70,0.73,0.43,0.64,0.89,0.26,0.90
563,Uptown,0.48,0.22,0.50,0.02,0.43,0.56,0.23,0.52,0.03,0.13,0.57,0.53,0.83,0.07,0.91,0.97
564,Promenade,0.62,0.39,0.26,0.79,0.51,0.38,0.73,0.22,0.23,0.27,0.71,0.19,0.06,0.63,0.79,0.08
565,Financial District,0.47,0.59,0.42,0.79,0.11,0.43,0.73,0.75,0.93,0.88,0.49,0.82,0.76,0.35,0.95,0.55
566,OceanView,0.92,0.48,0.87,0.44,0.90,0.33,0.06,0.38,0.55,0.67,0.21,0.69,0.60,0.08,0.08,0.99
567,Oceanside,0.49,0.41,0.61,0.91,0.74,0.71,0.34,0.31,0.38,0.47,0.96,0.63,0.32,0.06,0.85,0.34
568,Soma,0.85,0.93,0.73,0.84,0.81,0.89,0.53,0.05,0.33,0.16,0.08,0.96,0.76,0.83,0.78,0.03
569,Western Addition,0.01,0.23,0.40,0.66,0.22,0.97,0.30,0.82,0.36,0.09,0.32,0.59,0.26,0.43,0.21,0.56
570,Chinatown,0.23,0.64,0.42,0.21,0.35,0.71,0.97,0.54,0.74,0.38,0.40,0.40,0.72,0.45,0.11,0.60
571,Japantown,0.85,0.56,0.38,0.35,0.36,0.18,0.14,0.26,0.08,0.44,0.67,0.09,0.24,0.70,0.38,0.80
572,Little Italy,0.19,0.78,0.36,0.88,0.77,0.25,0.44,0.29,0.92,0.58,0.29,0.45,0.35,0.35,0.80,0.06
573,Live View,0.00,0.19,0.83,0.88,0.05,0.02,0.37,0.69,0.90,0.80,0.69,0.73,0.85,0.37,0.94,0.13
574,undefined,0.07,0.46,0.68,0.94,0.48,0.41,0.73,0.74,0.83,0.78,0.99,0.86,0.55,0.81,0.77,0.67
575,Hills,0.62,0.21,0.69,0.38,0.94,0.85,0.12,0.06,0.83,0.72,0.05,0.49,0.27,0.06,0.51,0.81
576,Downtown,0.59,0.27,0.68,0.53,0.94,0.13,0.48,0.73,0.66,0.82,0.00,0.29,0.11,0.83,0.25,0.14
577,Uptown,0.26,0.12,0.91,0.48,0.62,0.34,0.02,0.04,0.19,0.84,0.02,0.55,0.55,0.51,0.66,0.77
578,Promenade,0.88,0.64,0.43,0.39,0.57,0.79,0.95,0.28,0.55,0.43,0.27,0.99,0.52,0.72,0.53,0.92
579,Financial District,0.17,0.67,0.81,0.45,0.73,0.20,0.39,0.33,0.76,0.46,0.93,0.03,0.64,0.92,0.75,0.54
580,OceanView,0.44,0.44,0.39,0.41,0.21,0.51,0.43,0.43,0.64,0.81,0.54,0.48,0.96,0.30,0.88,0.95
581,Oceanside,0.64,0.07,0.23,0.43,0.78,0.46,0.50,0.59,0.34,0.41,0.76,0.25,0.13,0.96,0.35,0.12
582,Soma,0.10,0.65,0.28,0.67,0.97,0.68,0.61,0.35,0.44,0.85,0.68,0.14,0.26,0.45,0.17,0.92
583,Western Addition,0.25,0.22,0.35,0.98,0.31,0.46,0.85,0.11,0.36,0.28,0.36,0.87,0.18,0.42,0.89,0.20
584,Chinatown,0.79,1.00,0.03,0.56,0.35,0.60,0.67,0.34,0.06,0.86,0.86,0.36,0.02,0.17,0.57,0.81
585,Japantown,0.54,0.56,0.29,0.42,0.15,0.65,0.21,0.03,0.99,0.90,0.36,0.44,0.96,0.95,0.92,0.23
586,Little Italy,0.85,0.15,0.14,0.29,0.07,0.55,0.84,0.23,0.39,0.12,0.40,0.89,0.60,0.59,0.97,0.04
587,Live View,0.26,0.39,0.60,0.90,0.00,0.51,0.70,0.96,0.82,0.38,0.88,0.35,0.86,0.17,0.01,0.71
588,undefined,0.98,1.00,0.52,0.51,0.62,0.47,0.82,0.88,0.67,0.51,0.40,0.18,0.11,0.00,0.32,0.81
589,Hills,0.11,0.16,0.14,0.86,0.51,0.46,0.94,0.89,0.78,0.08,0.22,0.57,0.89,0.47,0.97,0.43
590,Downtown,0.27,0.92,0.40,0.67,0.39,0.93,0.40,0.09,0.34,0.71,0.74,0.22,0.12,0.96,0.31,0.72
591,Uptown,0.82,0.93,0.79,0.16,0.22,0.25,0.29,0.47,0.63,0.73,0.96,0.67,0.89,0.97,0.73,0.12
592,Promenade,0.08,0.67,0.33,0.72,0.44,0.60,0.75,0.38,0.43,0.93,0.20,0.67,0.89,0.95,0.16,0.86
593,Financial District,0.24,0.17,0.77,0.77,0.74,0.49,0.83,0.13,0.42,0.26,0.26,0.82,0.50,0.73,0.56,0.22
594,OceanView,0.51,0.69,0.63,0.11,0.96,0.01,0.76,0.45,0.37,0.80,0.51,0.15,0.00,0.99,0.23,0.54
595,Oceanside,0.88,0.00,0.88,0.53,0.35,0.53,0.99,0.81,0.96,0.28,0.14,0.12,0.02,0.66,0.96,0.72
596,Soma,0.48,0.90,0.39,0.81,0.35,0.16,0.49,0.25,0.88,0.86,0.39,0.41,0.40,0.15,0.32,0.71
597,Western Addition,0.86,0.63,0.85,0.39,0.02,0.36,0.84,0.84,0.27,0.61,0.70,0.71,0.51,0.19,0.04,0.92
598,Chinatown,0.10,0.51,0.35,0.62,0.46,0.08,0.67,0.52,0.32,0.69,0.92,0.43,0.28,0.76,0.82,0.22
599,Japantown,0.07,0.51,0.58,0.19,0.84,0.47,0.63,0.32,0.47,0.63,0.73,0.27,0.89,0.10,0.71,0.85
600,Little Italy,0.72,0.51,0.15,0.59,0.77,0.83,0.65,0.53,0.22,0.43,0.37,0.83,0.71,0.02,0.35,0.46
601,Live View,0.14,0.50,0.34,0.07,0.39,0.77,0.65,0.22,0.86,0.20,0.61,0.39,0.96,0.76,0.84,0.65
602,undefined,0.86,0.29,0.29,0.47,0.27,0.28,0.57,0.87,0.16,0.24,0.54,0.93,0.84,0.20,0.87,0.87
603,Hills,0.47,0.12,0.77,0.02,0.30,0.42,0.89,0.78,0.05,0.27,0.65,0.98,0.35,0.53,0.50,0.48
604,Downtown,0.28,0.63,0.11,0.82,0.22,0.27,0.55,0.89,0.42,0.67,0.72,0.91,0.56,0.73,0.23,0.70
605,Uptown,0.65,0.42,0.76,0.65,0.68,0.54,0.51,0.26,0.44,0.28,0.22,0.51,0.67,0.68,0.41,0.53
606,Promenade,0.48,0.69,0.88,0.20,0.95,0.14,0.38,0.92,0.50,0.30,0.04,0.44,0.32,0.09,0.48,0.65
607,Financial District,0.52,0.31,0.28,0.99,0.27,0.07,0.32,0.74,0.74,0.05,0.32,0.51,0.81,0.69,0.40,0.68
608,OceanView,0.10,0.98,0.72,0.06,0.61,0.61,0.56,0.58,0.89,0.40,0.18,0.17,0.23,0.17,0.36,0.85
609,Oceanside,0.41,0.20,0.46,0.84,0.21,0.92,0.17,0.26,0.30,0.40,0.93,0.33,0.69,0.75,0.19,0.31
610,Soma,0.62,0.78,0.49,0.77,0.03,0.04,0.30,0.27,0.75,0.73,0.91,0.18,0.35,0.59,0.77,0.25
611,Western Addition,0.38,0.34,0.92,0.03,0.95,0.21,0.09,0.80,0.86,0.35,0.19,0.96,0.14,0.60,0.48,0.00
612,Chinatown,0.04,0.71,0.41,0.94,0.39,0.21,0.30,0.70,0.32,0.33,0.51,0.37,0.72,0.55,0.93,0.85
613,Japantown,0.05,0.77,0.45,0.05,0.07,0.30,0.03,0.01,0.86,0.63,0.86,0.47,0.88,0.20,0.46,0.99
614,Little Italy,0.02,0.47,0.14,0.45,0.25,0.45,0.98,0.72,0.06,0.26,0.07,0.65,0.21,0.34,0.29,0.00
615,Live View,0.83,0.75,0.67,0.05,0.19,0.86,0.71,0.84,0.67,0.56,0.71,0.57,0.10,0.12,0.83,0.27
616,undefined,0.62,0.21,0.45,0.32,0.20,0.66,0.82,0.89,0.10,0.65,0.54,0.82,0.42,0.47,0.06,0.64
617,Hills,0.62,0.03,0.31,0.90,0.96,0.85,0.02,0.23,0.60,0.05,0.20,0.67,0.31,0.78,0.26,0.18
618,Downtown,0.22,0.66,0.93,0.64,0.02,0.35,0.52,0.00,0.09,0.22,0.43,0.93,0.12,0.76,0.03,0.98
619,Uptown,0.79,0.90,0.51,0.79,0.16,0.97,0.77,0.13,0.89,0.14,0.38,0.89,0.36,0.24,0.85,0.82
620,Promenade,0.29,0.85,0.66,0.24,0.91,0.71,0.41,0.05,0.32,0.56,0.97,0.50,0.47,0.50,0.03,0.10
621,Financial District,0.27,0.97,0.69,0.03,0.56,0.22,0.85,0.67,0.77,0.70,0.80,0.90,0.78,0.47,0.15,0.22
622,OceanView,0.14,0.35,0.37,0.46,0.41,0.64,0.49,0.84,0.61,0.85,0.10,0.16,0.24,0.21,0.55,0.37
623,Oceanside,0.19,0.13,0.02,0.77,0.77,0.25,0.21,0.67,0.25,0.28,0.79,0.98,0.26,0.64,0.65,0.52
624,Soma,0.58,0.09,0.93,0.92,0.52,0.94,0.22,0.20,0.46,0.29,0.45,0.76,0.59,0.67,0.96,0.69
625,Western Addition,0.74,0.02,0.03,0.67,0.36,0.86,0.37,0.17,0.82,0.24,0.34,0.37,0.92,0.05,0.30,0.99
626,Chinatown,0.11,0.07,0.17,0.68,0.09,0.99,0.78,0.11,0.29,0.22,0.80,0.33,0.67,0.38,0.43,0.23
627,Japantown,0.09,0.46,0.04,0.23,0.52,0.53,0.93,0.71,0.19,0.20,0.56,0.10,0.39,0.35,0.67,0.18
628,Little Italy,0.46,0.89,0.57,0.60,0.73,0.36,0.97,0.81,0.42,0.04,0.30,0.26,0.95,0.97,0.53,0.82
629,Live View,0.38,0.72,0.26,0.72,0.84,0.37,0.53,0.86,0.46,0.06,0.67,0.11,0.18,0.28,0.92,0.67
630,undefined,0.19,0.30,0.69,0.79,0.27,0.51,0.56,0.56,0.48,0.76,0.84,0.64,0.45,0.34,0.77,0.42
631,Hills,0.59,0.48,0.92,0.42,0.40,0.30,0.49,0.80,0.44,0.93,0.77,0.18,0.97,0.51,0.66,0.44
632,Downtown,0.40,0.48,0.82,0.62,0.52,0.43,0.38,0.04,0.38,0.46,0.89,0.24,0.11,0.46,0.72,0.80
633,Uptown,0.13,0.32,0.83,0.14,0.74,0.30,0.49,0.12,0.02,0.93,0.15,0.54,0.60,0.82,0.52,0.41
634,Promenade,0.59,0.40,0.15,0.61,0.26,0.61,0.73,0.82,0.78,0.27,0.04,0.73,0.50,0.29,0.08,0.16
635,Financial District,0.16,0.02,0.69,0.43,0.63,0.09,0.80,0.46,0.11,0.63,0.82,0.67,0.05,0.80,0.81,0.70
636,OceanView,0.25,0.80,0.84,0.93,0.05,0.46,0.86,0.97,0.76,0.68,0.76,0.79,0.33,0.94,0.38,0.90
637,Oceanside,0.18,0.22,0.89,0.50,0.77,0.73,0.10,0.00,0.26,0.51,0.98,0.34,0.10,0.93,0.96,0.88
638,Soma,0.62,0.43,0.54,0.94,0.92,0.60,0.87,0.74,0.33,0.63,0.89,0.02,0.27,0.46,0.27,0.90
639,Western Addition,0.91,0.44,0.96,0.49,0.08,0.25,0.04,0.97,0.35,0.75,0.45,0.34,0.02,0.57,0.08,0.48
640,Chinatown,0.78,0.47,0.53,0.68,0.07,0.22,0.17,0.36,0.43,0.54,0.85,0.95,0.70,0.55,0.37,0.90
641,Japantown,0.74,0.79,0.51,0.92,0.75,1.00,0.46,0.29,0.43,0.23,0.98,0.43,0.77,0.61,0.99,0.89
642,Little Italy,0.52,0.02,0.74,0.94,0.56,0.38,0.97,0.71,0.47,0.18,0.58,0.88,0.94,0.59,0.44,0.68
643,Live View,0.27,0.21,0.72,0.47,0.76,0.46,0.46,0.77,0.16,0.91,0.39,0.17,0.63,0.93,0.47,0.79
644,undefined,0.64,0.04,0.28,0.84,0.00,0.78,0.92,0.31,0.69,0.75,0.94,0.70,0.32,0.60,0.06,0.16
645,Hills,0.86,0.84,0.38,0.87,0.49,0.44,0.09,0.22,0.61,0.13,0.91,0.29,0.06,0.77,0.29,0.11
646,Downtown,0.14,0.88,0.51,0.82,0.18,0.92,0.75,0.42,0.62,0.50,0.75,0.21,0.57,0.67,0.31,0.76
647,Uptown,0.63,0.95,0.89,0.88,0.63,0.80,0.40,0.77,0.44,0.61,0.60,0.33,0.86,0.44,0.83,0.49
648,Promenade,0.31,0.93,0.49,0.36,0.35,0.65,0.03,0.48,0.11,0.34,0.29,0.05,0.23,0.72,0.66,0.99
649,Financial District,0.30,0.47,0.56,0.37,0.02,0.15,0.96,0.71,0.31,0.61,0.87,0.11,0.83,0.85,0.52,0.17
650,OceanView,0.30,0.45,0.84,0.26,0.82,0.72,0.54,0.23,0.51,0.71,0.38,0.28,0.13,0.39,0.85,0.86
651,Oceanside,0.23,0.77,0.78,0.84,0.50,0.26,0.87,0.59,0.56,0.86,0.35,0.30,0.45,0.06,0.79,0.82
652,Soma,0.66,0.71,0.18,0.79,0.04,0.58,0.74,0.20,0.50,0.62,0.05,0.76,0.04,0.35,0.32,0.21
653,Western Addition,0.90,0.96,0.85,0.35,0.92,0.90,0.40,0.75,0.79,0.90,0.68,0.34,0.51,0.22,0.90,0.94
654,Chinatown,0.65,0.61,0.04,0.18,0.99,0.30,0.77,0.66,0.36,0.19,0.69,0.09,0.66,0.17,0.22,0.14
655,Japantown,0.16,0.22,0.88,0.02,0.60,0.22,0.70,0.61,0.22,0.64,0.44,0.71,0.28,0.78,0.89,0.42
656,Little Italy,0.89,0.44,0.01,0.21,0.98,0.91,0.48,0.80,0.87,0.49,0.25,0.18,0.53,0.58,0.94,0.91
657,Live View,0.44,0.33,0.35,0.74,0.71,0.33,0.78,0.79,0.98,0.10,0.45,0.27,0.22,0.21,0.03,0.77
658,undefined,0.32,0.11,0.39,0.05,0.87,0.96,0.80,0.88,0.92,0.82,0.95,0.78,0.74,0.57,0.96,0.50
659,Hills,0.87,0.63,0.26,0.43,0.35,0.67,0.44,0.83,0.54,0.47,0.88,0.28,0.25,0.48,0.16,0.65
660,Downtown,0.22,0.80,0.91,0.79,0.54,0.47,0.50,0.29,0.57,0.99,0.47,0.39,0.44,0.90,0.06,0.24
661,Uptown,0.65,0.62,0.26,0.99,0.46,0.50,0.34,0.45,0.42,0.23,0.79,0.28,0.41,0.05,0.40,0.82
662,Promenade,0.90,0.42,0.64,0.12,0.72,0.48,0.59,0.19,0.65,0.96,0.37,0.55,0.52,0.14,0.38,0.28
663,Financial District,0.62,0.64,0.10,0.60,0.24,0.25,0.27,0.70,0.32,0.11,0.97,0.35,0.11,0.86,0.72,0.72
664,OceanView,0.23,0.52,0.58,0.29,0.08,0.89,0.84,0.36,0.56,0.05,0.17,0.28,0.77,0.27,0.24,0.63
665,Oceanside,0.91,0.70,0.86,0.38,0.76,0.91,0.41,0.74,0.93,0.61,0.98,0.72,0.30,0.31,0.21,0.38
666,Soma,0.61,0.11,0.90,0.33,0.57,0.29,0.13,0.88,0.82,0.77,0.64,0.79,0.26,0.42,0.99,0.39
667,Western Addition,0.90,0.21,0.02,0.79,0.54,0.61,0.44,0.82,0.04,0.02,0.38,0.87,0.08,0.65,0.68,0.12
668,Chinatown,0.69,0.82,0.43,0.45,0.41,0.59,0.12,0.08,0.15,0.35,0.06,0.46,0.10,0.08,0.34,0.92
669,Japantown,0.31,0.44,0.35,0.11,0.54,0.11,0.87,0.22,0.28,0.05,0.48,0.37,0.43,0.28,0.49,0.30
670,Little Italy,0.20,0.76,0.17,0.11,0.37,0.06,0.20,0.61,0.48,0.09,0.51,0.94,0.77,0.60,0.43,0.44
671,Live View,0.04,0.62,0.87,0.24,0.76,0.59,0.96,0.90,0.05,0.65,0.68,0.54,0.92,0.74,0.09,0.28
672,undefined,0.60,0.33,0.37,0.41,0.38,0.63,0.13,0.56,0.78,0.38,0.83,0.87,0.90,0.58,0.60,0.50
673,Hills,0.49,0.55,0.96,0.85,0.68,0.69,0.30,0.30,0.15,0.47,0.95,0.55,0.46,0.34,0.98,0.53
674,Downtown,0.56,0.10,0.90,0.92,0.83,0.16,0.93,0.19,0.68,0.64,0.59,0.44,0.09,0.81,0.50,0.49
675,Uptown,0.36,0.88,0.38,0.65,0.24,0.45,0.94,0.65,0.62,0.12,0.09,0.17,0.22,0.79,0.26,0.69
676,Promenade,0.27,0.19,0.48,0.61,0.52,0.83,0.20,0.47,0.85,0.64,0.79,0.54,0.16,0.39,0.38,0.26
677,Financial District,0.86,0.22,0.63,0.86,0.51,0.77,0.34,0.81,0.31,0.03,0.71,0.81,0.52,0.39,0.33,0.24
678,OceanView,0.35,0.43,0.94,0.34,0.38,0.78,0.63,0.56,0.29,0.33,0.64,0.14,0.98,0.49,0.47,0.97
679,Oceanside,0.29,0.35,0.16,0.06,0.47,0.95,0.81,0.30,0.67,0.24,0.15,0.30,0.14,0.81,0.61,0.26
680,Soma,0.57,0.54,0.74,0.20,0.01,0.45,0.33,0.22,0.37,0.20,0.02,0.02,0.07,0.52,0.22,0.73
681,Western Addition,0.67,0.23,0.27,0.89,0.97,0.28,0.68,0.77,0.86,0.36,0.34,0.09,0.02,0.54,1.00,0.49
682,Chinatown,0.49,0.93,0.93,0.83,0.76,0.43,0.33,0.39,0.20,0.62,0.62,0.78,0.39,0.23,0.72,0.58
683,Japantown,0.92,0.33,0.67,0.25,0.19,0.86,0.90,0.83,0.15,0.29,0.93,0.70,0.41,0.25,0.15,0.98
684,Little Italy,0.16,0.89,0.16,0.47,0.69,0.51,0.40,0.88,0.40,0.38,0.56,0.34,0.42,0.62,0.99,0.34
685,Live View,0.66,0.30,0.68,0.03,0.92,0.85,0.10,0.67,0.92,0.83,0.60,0.12,0.22,0.58,0.76,0.89
686,undefined,0.58,0.20,0.13,0.28,0.28,0.68,0.88,0.65,0.42,0.27,0.45,0.13,0.15,0.54,0.98,0.29
687,Hills,0.96,0.45,0.87,0.68,0.59,0.77,0.93,0.89,0.15,0.51,0.25,0.04,0.62,0.03,0.94,0.77
688,Downtown,0.24,0.92,0.65,0.61,0.94,0.82,0.11,0.81,0.76,0.55,0.02,0.54,0.82,0.23,0.74,0.24
689,Uptown,0.22,0.36,0.32,0.71,0.41,0.50,0.57,0.95,0.35,0.54,0.76,0.92,0.35,0.24,0.78,0.14
690,Promenade,0.77,0.50,0.97,0.28,0.52,0.82,0.28,0.95,0.34,0.41,0.81,0.19,0.23,0.40,0.94,0.40
691,Financial District,0.60,0.88,0.12,0.42,0.53,0.44,0.56,0.45,0.48,0.10,0.85,1.00,0.47,0.41,0.76,0.28
692,OceanView,0.19,0.95,0.59,0.36,1.00,0.33,0.58,0.94,0.35,0.65,0.26,0.91,0.07,0.58,0.92,0.76
693,Oceanside,0.77,0.76,0.57,0.58,0.47,0.10,0.09,0.92,0.69,0.28,0.63,0.29,0.50,0.06,0.07,0.31
694,Soma,0.96,0.55,0.11,0.53,0.21,0.27,0.17,0.45,0.66,0.51,0.68,0.53,0.45,0.66,0.95,0.18
695,Western Addition,0.49,0.53,0.14,0.34,0.03,0.33,0.29,0.88,0.58,0.71,0.47,0.99,0.17,0.12,0.25,0.47
696,Chinatown,0.57,0.02,0.84,0.60,0.45,0.31,0.47,0.70,0.33,0.23,0.00,0.53,0.53,0.93,0.03,0.87
697,Japantown,0.78,0.54,0.05,0.30,0.72,0.41,0.70,0.25,0.36,0.83,0.45,0.04,0.13,0.99,0.68,0.21
698,Little Italy,0.38,0.61,0.14,0.70,0.15,0.72,0.53,0.16,0.59,0.51,0.54,0.80,0.38,0.23,0.98,0.82
699,Live View,0.24,0.46,0.86,0.15,0.39,0.35,0.34,0.08,0.25,0.79,0.62,0.18,0.85,0.48,0.39,0.20
700,undefined,0.03,0.61,0.45,0.76,0.46,0.15,0.13,0.70,0.20,0.15,0.39,0.85,0.54,0.30,0.53,1.00
701,Hills,0.35,0.21,0.20,0.10,0.92,0.11,0.36,0.49,0.07,0.74,0.14,0.50,0.26,0.12,0.32,0.79
702,Downtown,0.82,0.53,0.12,0.90,0.48,0.97,0.26,0.82,0.40,0.99,0.63,0.49,0.22,0.66,0.46,0.54
703,Uptown,0.16,0.14,0.16,0.85,0.26,0.16,0.95,0.90,0.18,0.49,0.70,0.26,0.34,0.14,0.39,0.04
704,Promenade,0.96,0.75,0.20,0.22,1.00,0.97,0.82,0.92,0.67,0.64,0.81,0.77,0.73,0.80,0.96,0.87
705,Financial District,0.58,0.39,0.57,0.11,0.85,0.77,0.64,0.90,0.38,0.61,0.92,0.52,0.46,0.88,0.48,0.50
706,OceanView,0.87,0.29,0.28,0.62,0.08,0.36,0.80,0.63,0.52,0.39,0.48,0.84,0.88,0.50,0.05,0.65
707,Oceanside,0.70,0.89,0.61,0.46,0.89,0.35,0.92,0.66,0.98,0.50,0.22,0.38,0.80,0.25,0.03,0.78
708,Soma,0.92,0.55,0.04,0.40,0.33,0.89,0.64,0.85,0.82,0.25,0.45,0.14,0.15,0.14,0.13,0.28
709,Western Addition,0.36,0.07,0.11,0.77,0.06,0.84,0.54,0.77,1.00,0.62,0.62,0.76,0.50,0.18,0.78,0.63
710,Chinatown,0.82,0.13,0.05,0.09,0.77,0.86,0.58,0.72,0.13,0.57,0.63,0.37,0.72,0.70,0.76,0.97
711,Japantown,0.57,0.72,0.28,0.29,0.33,0.44,0.13,0.64,0.13,0.95,0.77,0.68,0.10,0.23,0.63,0.65
712,Little Italy,0.52,0.74,0.09,0.51,1.00,0.03,0.45,0.26,0.83,0.50,0.11,0.64,0.08,0.83,0.51,0.22
713,Live View,0.18,0.40,0.13,0.38,0.95,0.50,0.12,0.47,0.16,0.12,0.08,0.49,0.30,0.92,0.92,0.34
714,undefined,0.85,0.86,0.97,0.11,0.63,0.80,0.32,0.77,1.00,0.01,0.81,0.66,0.36,0.70,0.75,0.04
715,Hills,0.74,0.76,0.81,0.79,0.22,0.34,0.61,0.71,0.85,0.38,0.16,0.59,0.43,0.72,0.26,0.61
716,Downtown,0.28,0.94,0.59,0.96,0.67,0.68,0.89,0.54,0.20,0.96,0.90,0.01,0.80,0.38,0.65,0.87
717,Uptown,0.08,0.52,0.14,0.76,0.93,0.43,0.11,0.86,0.02,0.65,0.74,0.79,0.24,0.91,0.63,0.90
718,Promenade,0.26,0.06,0.45,0.46,0.45,0.16,0.75,0.05,0.53,0.26,0.58,0.35,0.52,0.73,0.41,0.20
719,Financial District,0.97,0.74,0.53,0.92,0.13,0.23,0.45,0.80,0.31,0.53,0.51,0.44,0.19,0.95,0.31,0.55
720,OceanView,0.88,0.88,0.18,0.53,0.94,0.30,0.96,0.12,0.84,0.58,0.10,0.36,0.17,0.65,0.50,0.97
721,Oceanside,0.98,0.77,0.90,0.67,0.34,0.67,0.23,0.35,0.22,0.59,0.46,0.94,0.23,0.70,0.18,0.44
722,Soma,0.23,0.73,0.85,0.69,0.85,0.85,0.70,0.07,0.47,0.87,0.14,0.36,0.73,0.05,0.23,0.15
723,Western Addition,0.86,0.21,0.94,0.35,0.62,0.80,0.78,0.45,0.77,0.29,0.80,0.07,0.32,0.28,0.82,0.48
724,Chinatown,0.20,0.73,0.13,0.70,0.07,0.47,0.13,0.92,0.86,0.89,0.73,0.22,0.35,0.04,0.79,0.80
725,Japantown,0.53,0.56,0.03,0.21,0.03,0.89,0.56,0.09,0.85,0.19,0.99,0.06,0.05,0.35,0.97,0.35
726,Little Italy,0.10,0.06,0.98,0.31,0.85,0.12,0.33,0.48,0.00,0.90,0.39,0.19,0.21,0.19,0.16,0.69
727,Live View,0.70,0.43,0.78,0.84,0.53,0.94,0.38,0.54,0.53,0.49,0.28,0.25,0.24,0.34,0.92,0.24
728,undefined,0.51,0.59,0.77,0.94,0.14,0.86,0.65,0.71,0.88,0.38,0.48,0.29,0.98,0.52,0.12,0.08
729,Hills,0.18,0.38,0.12,0.83,0.66,0.56,0.45,0.40,0.10,0.94,0.08,0.58,0.38,0.69,0.69,0.21
730,Downtown,0.71,0.51,0.91,0.08,0.72,0.08,0.16,0.90,0.96,1.00,0.42,0.88,0.29,0.47,0.57,0.53
731,Uptown,0.09,0.76,0.69,0.18,0.59,0.21,0.54,0.42,0.69,0.66,0.26,0.21,0.62,0.02,0.72,0.83
732,Promenade,0.80,0.42,0.25,0.69,0.40,0.37,0.47,0.48,0.19,0.72,0.56,0.59,0.07,0.63,0.41,0.72
733,Financial District,0.57,0.68,0.06,0.56,0.41,0.81,0.81,0.31,0.69,0.07,0.56,0.53,0.24,0.69,0.14,0.58
734,OceanView,0.73,0.32,0.53,0.56,0.60,0.85,0.02,0.19,0.34,0.50,0.23,0.26,0.15,0.71,0.34,0.45
735,Oceanside,0.97,0.18,0.62,1.00,0.28,0.73,0.02,0.95,0.37,0.02,0.26,0.63,0.62,0.94,0.01,0.62
736,Soma,0.79,0.94,0.17,0.09,0.59,0.13,0.57,1.00,0.78,0.43,0.86,0.96,0.42,0.11,0.14,0.00
737,Western Addition,0.02,0.57,0.66,0.59,0.30,0.40,0.83,0.91,0.45,0.99,0.38,0.09,0.80,0.33,0.00,0.29
738,Chinatown,0.71,0.05,0.33,0.00,0.05,0.98,0.96,0.63,0.44,0.52,0.13,0.28,0.91,0.57,0.99,0.25
739,Japantown,0.87,0.46,0.02,0.94,0.87,0.18,0.70,0.55,0.05,0.36,0.24,0.11,0.41,0.93,0.38,0.78
740,Little Italy,0.28,0.17,0.99,0.88,0.96,0.12,0.63,0.36,0.24,0.92,0.19,0.02,0.97,0.59,0.68,0.14
741,Live View,0.15,0.32,0.46,0.96,0.54,0.09,0.95,0.00,0.57,1.00,0.26,0.74,0.53,0.57,0.68,0.20
742,undefined,0.84,0.38,0.51,0.63,0.97,0.84,0.85,0.30,0.31,0.96,0.56,0.07,0.06,0.61,0.73,0.50
743,Hills,0.33,0.80,0.84,0.53,0.69,0.59,0.96,0.30,0.35,0.19,0.90,0.35,0.55,0.73,0.41,0.40
744,Downtown,0.70,0.57,0.59,0.76,0.06,0.48,0.77,0.91,1.00,0.42,0.85,0.85,0.80,0.88,0.20,0.48
745,Uptown,0.38,0.55,0.41,0.68,0.52,0.70,0.49,0.50,0.25,0.95,0.27,0.76,0.71,0.96,0.50,0.34
746,Promenade,0.72,0.70,0.91,0.97,0.86,0.60,0.17,0.57,0.23,0.41,0.75,0.03,0.28,0.82,0.50,0.48
747,Financial District,0.72,0.92,0.99,0.45,0.56,0.61,0.72,0.11,0.51,0.52,0.27,0.33,0.86,0.43,0.90,0.11
748,OceanView,0.31,0.43,0.58,0.91,1.00,0.96,0.99,0.39,0.71,0.80,0.95,0.12,0.48,0.50,0.74,0.01
749,Oceanside,0.67,0.37,0.38,0.33,0.94,0.14,0.40,0.57,0.09,0.13,0.55,0.43,0.69,0.66,0.24,0.91
750,Soma,0.16,0.08,0.15,0.75,0.70,0.78,0.28,0.55,0.46,0.69,0.12,0.94,0.32,0.20,0.35,0.27
751,Western Addition,0.45,0.78,0.89,0.04,0.85,0.99,0.11,0.34,0.42,0.69,0.69,0.71,0.51,0.96,0.97,0.49
752,Chinatown,0.37,0.62,0.70,0.01,0.09,0.72,1.00,0.77,0.52,0.25,0.96,0.79,0.02,0.65,0.10,0.73
753,Japantown,0.36,0.70,0.87,0.96,0.67,0.01,0.65,0.06,0.92,0.61,0.73,0.67,0.53,0.14,0.95,0.31
754,Little Italy,0.71,0.34,0.02,0.91,0.25,0.29,0.47,0.61,0.92,0.80,0.68,0.74,0.09,0.36,0.01,0.45
755,Live View,0.85,0.23,0.65,0.83,0.20,0.69,0.38,0.68,0.26,0.55,0.32,0.22,0.71,0.63,0.18,0.05
756,undefined,0.89,0.22,0.29,0.54,0.47,0.68,0.60,0.45,0.60,0.78,0.54,0.59,0.17,0.54,0.76,0.85
757,Hills,0.25,0.02,0.55,0.06,0.08,0.07,0.09,0.61,0.85,0.83,0.92,0.05,0.18,0.06,0.27,0.73
758,Downtown,0.16,0.74,0.21,0.68,0.35,0.54,0.76,0.83,0.66,0.63,0.44,0.46,0.15,0.17,0.19,0.14
759,Uptown,0.11,0.76,0.58,0.80,0.62,0.33,0.15,0.21,0.73,0.07,0.05,0.06,0.49,0.26,0.93,0.35
760,Promenade,0.22,0.39,0.21,0.25,0.25,0.22,0.07,0.14,0.95,0.51,0.10,0.22,0.10,0.93,0.94,0.42
761,Financial District,0.45,0.49,0.57,0.07,0.31,0.27,0.41,0.69,0.06,0.54,0.84,0.39,0.95,0.94,0.93,0.19
762,OceanView,0.04,0.67,0.90,0.25,0.58,0.25,0.67,0.51,0.54,0.66,0.93,0.11,0.01,0.13,0.11,0.83
763,Oceanside,0.89,0.02,0.10,0.10,0.94,0.51,0.87,0.54,0.19,0.58,0.24,0.42,0.46,0.97,0.56,0.49
764,Soma,0.68,0.32,0.72,0.10,0.46,0.91,0.93,0.08,0.42,0.09,0.10,0.13,0.20,0.86,0.53,0.05
765,Western Addition,0.40,0.47,0.85,0.02,0.14,0.73,0.04,0.18,0.73,0.64,0.03,0.98,0.31,0.46,0.37,0.95
766,Chinatown,0.82,0.79,0.86,0.21,0.61,0.66,0.26,0.36,0.14,0.02,0.11,0.50,0.18,0.00,0.55,0.71
767,Japantown,0.09,0.08,0.24,0.27,0.11,0.48,0.28,0.66,0.17,0.70,0.24,0.93,0.18,0.79,0.82,0.22
768,Little Italy,0.49,0.93,0.60,0.59,0.69,0.75,0.65,0.64,0.72,0.13,0.65,0.42,0.39,0.02,0.86,0.47
769,Live View,0.66,0.55,0.10,0.87,0.80,0.24,0.56,0.23,0.61,0.17,0.18,0.34,0.79,0.80,0.86,0.11
770,undefined,0.19,0.36,0.86,0.27,0.12,0.52,0.38,0.17,0.98,0.78,0.17,0.35,0.57,0.69,0.69,0.81
771,Hills,0.85,0.10,0.92,0.78,0.09,0.51,0.91,0.07,0.81,0.75,0.12,0.26,0.38,0.94,0.33,0.58
772,Downtown,0.43,0.59,0.05,0.84,0.38,0.07,0.80,0.96,0.24,0.49,0.56,0.94,0.51,0.91,0.10,0.09
773,Uptown,0.58,0.14,0.81,0.90,0.14,0.10,0.16,0.16,0.61,0.09,0.53,0.82,0.36,0.99,0.45,0.29
774,Promenade,0.69,0.98,0.76,0.36,0.20,0.54,0.29,0.71,0.41,0.04,0.69,0.86,0.50,0.13,0.25,0.88
775,Financial District,0.32,0.15,0.33,0.80,0.34,0.83,0.36,0.15,0.55,0.76,0.89,0.50,0.37,0.11,0.49,0.75
776,OceanView,0.06,0.90,0.15,0.09,0.04,0.01,0.95,0.05,0.28,0.07,0.80,0.66,0.25,0.46,0.45,0.10
777,Oceanside,0.59,0.91,0.11,0.02,0.11,0.97,0.54,0.22,0.02,0.44,0.15,0.63,0.46,0.56,0.45,0.19
778,Soma,0.52,0.41,0.78,0.94,0.19,0.82,0.22,0.51,0.76,0.83,0.90,0.99,0.98,0.02,0.11,0.49
779,Western Addition,0.39,0.99,0.95,0.62,0.77,0.80,0.07,0.51,0.84,0.45,0.31,0.13,0.76,0.28,0.33,0.78
780,Chinatown,0.98,0.67,0.53,0.81,0.90,0.10,0.58,0.22,0.52,0.52,0.53,0.50,0.79,0.33,0.35,0.23
781,Japantown,0.18,0.52,0.31,0.24,0.94,0.17,0.50,0.07,0.05,0.55,0.98,0.65,0.12,0.02,0.69,0.23
782,Little Italy,0.15,0.74,0.68,0.62,0.29,0.49,0.07,0.23,0.48,0.21,0.56,0.53,0.10,0.70,0.51,0.74
783,Live View,0.41,0.16,0.48,0.21,0.19,0.13,0.57,0.75,0.78,0.15,0.14,0.49,0.18,0.42,0.40,0.21
784,undefined,0.54,0.82,0.92,0.25,0.68,0.82,0.44,0.89,0.96,0.58,0.63,0.71,0.36,0.27,0.14,0.59
785,Hills,0.29,0.57,0.85,0.22,0.27,0.93,0.95,0.71,0.30,0.11,0.34,0.17,0.52,0.49,0.66,0.35
786,Downtown,0.77,0.17,0.67,0.64,0.37,0.13,0.61,0.29,0.07,0.48,0.38,0.10,0.91,0.67,0.75,0.50
787,Uptown,0.59,0.85,0.99,0.72,0.13,0.11,0.95,0.74,0.46,0.65,0.16,0.82,0.88,0.18,0.81,0.87
788,Promenade,0.53,0.07,0.66,0.48,0.03,0.58,0.69,0.88,0.90,0.37,0.52,0.81,0.79,0.02,0.72,0.80
789,Financial District,0.51,0.50,0.13,0.53,0.39,0.02,0.13,0.27,0.25,0.37,0.75,0.94,0.80,0.85,0.13,0.82
790,OceanView,0.52,0.89,0.42,0.89,0.98,0.31,0.98,0.13,0.79,0.77,0.65,0.12,0.38,0.62,0.11,0.83
791,Oceanside,0.11,0.20,0.63,0.82,0.86,0.50,0.40,0.69,0.45,0.51,0.43,0.64,0.57,0.64,0.81,0.66
792,Soma,0.45,0.81,0.39,0.86,0.73,0.30,0.28,0.01,0.05,0.54,0.14,0.35,0.06,0.46,0.46,0.96
793,Western Addition,0.26,0.25,0.76,0.04,0.20,0.98,0.84,0.23,0.37,0.36,0.02,0.61,0.17,0.38,0.60,0.52
794,Chinatown,0.52,0.71,0.29,0.86,0.39,0.41,0.95,0.42,0.02,0.57,0.91,0.01,0.54,0.37,0.77,0.55
795,Japantown,0.36,0.40,0.45,0.97,0.09,0.82,0.19,0.77,0.93,0.93,0.35,0.17,0.83,0.65,0.01,0.31
796,Little Italy,0.87,0.29,0.94,0.85,0.89,0.82,0.14,0.59,0.44,0.51,0.47,0.56,0.87,0.09,0.93,0.59
797,Live View,0.14,0.92,0.37,0.64,0.50,0.21,0.34,0.11,0.72,0.90,0.37,0.99,0.36,0.69,0.33,0.54
798,undefined,0.86,0.56,0.56,0.78,0.24,0.80,0.52,0.50,0.96,0.26,0.83,0.95,0.01,0.73,0.33,0.92
799,Hills,0.24,0.10,0.55,0.81,0.15,0.33,0.32,0.91,0.11,0.90,0.07,0.97,0.33,0.11,0.77,0.65
800,Downtown,0.41,0.06,0.95,0.22,0.70,0.66,0.01,0.15,0.18,0.40,0.15,0.56,0.20,0.65,0.96,0.24
801,Uptown,0.47,0.60,0.55,0.70,0.55,0.17,0.77,0.83,0.86,0.80,0.13,0.28,0.51,0.64,0.92,0.10
802,Promenade,0.41,0.67,0.54,0.38,0.04,0.74,0.39,0.48,0.19,0.56,0.90,0.18,0.47,0.34,0.95,0.73
803,Financial District,0.43,0.59,0.39,0.21,0.73,0.09,0.00,0.07,0.45,0.72,0.08,0.82,0.59,0.28,0.78,0.55
804,OceanView,0.17,0.09,0.00,0.26,0.75,0.36,0.27,0.88,0.93,0.63,0.38,0.75,0.15,0.85,0.69,0.08
805,Oceanside,0.83,0.82,0.28,0.59,0.93,0.97,0.02,0.22,0.23,0.08,0.50,0.51,0.52,0.38,0.31,0.96
806,Soma,0.64,0.04,0.93,0.38,0.34,0.36,0.04,0.87,0.85,0.77,0.34,0.33,0.20,0.58,0.48,0.09
807,Western Addition,0.69,0.52,0.80,0.88,0.59,0.02,0.99,0.60,0.94,0.77,0.91,0.34,0.45,0.03,0.83,0.30
808,Chinatown,0.36,0.41,0.39,0.34,0.04,0.63,0.35,0.89,0.61,0.94,0.32,0.07,0.19,0.99,0.92,0.88
809,Japantown,0.56,0.83,0.14,0.58,0.70,0.07,0.08,0.86,0.41,0.76,0.65,0.47,0.15,0.81,0.71,0.88
810,Little Italy,0.91,0.56,0.68,0.63,0.28,0.85,0.22,0.13,0.21,0.90,0.98,0.32,0.63,0.61,0.29,0.41
811,Live View,0.72,0.91,0.20,0.89,0.79,0.08,0.61,0.46,0.82,0.93,0.57,0.42,0.88,0.99,0.20,0.92
812,undefined,0.87,0.57,0.59,0.69,0.57,0.95,0.07,0.14,0.18,0.65,0.62,0.61,0.51,0.55,0.28,0.65
813,Hills,0.92,0.97,0.81,0.92,0.70,0.65,0.21,0.63,0.50,0.43,0.81,0.38,0.67,0.41,0.88,0.79
814,Downtown,0.83,0.44,0.03,0.44,0.02,0.61,0.45,0.27,0.96,0.48,0.11,0.25,0.77,0.79,0.53,0.50
815,Uptown,0.72,0.86,0.23,0.57,0.80,0.31,0.35,0.59,0.19,0.03,0.60,0.22,0.04,0.79,0.63,0.33
816,Promenade,0.07,0.30,0.31,0.92,0.11,0.40,0.19,0.21,0.46,0.34,0.41,0.46,0.09,0.42,0.87,0.16
817,Financial District,0.46,0.73,0.18,0.65,0.59,0.06,0.37,0.29,0.43,0.22,0.15,0.03,0.06,0.54,0.03,0.81
818,OceanView,0.83,0.27,0.66,0.73,0.39,0.81,0.26,0.58,0.03,0.56,0.19,0.73,0.61,0.69,0.62,0.65
819,Oceanside,0.79,0.56,0.68,0.35,0.50,0.53,0.48,0.76,0.21,0.74,0.46,0.42,0.19,0.43,0.96,0.74
820,Soma,0.00,0.83,0.92,0.47,0.02,0.57,0.03,0.77,0.97,0.14,0.41,0.17,0.03,0.75,0.97,0.05
821,Western Addition,0.93,0.94,0.15,0.77,0.67,0.24,0.76,0.97,0.07,0.69,0.92,0.31,0.93,0.68,0.01,0.77
822,Chinatown,0.29,0.42,0.22,0.59,0.82,0.66,0.06,0.83,0.65,0.92,0.26,0.07,0.10,0.04,0.85,0.97
823,Japantown,0.34,0.23,0.72,0.82,0.94,0.14,0.38,0.95,0.21,0.91,0.65,0.24,0.66,0.57,0.01,0.67
824,Little Italy,0.72,0.43,0.43,0.24,0.96,1.00,0.21,0.47,0.97,0.61,0.72,0.04,0.08,0.75,0.68,0.17
825,Live View,0.98,0.17,0.46,0.50,0.22,0.54,0.32,0.13,0.56,0.80,0.01,0.80,0.14,0.38,0.60,0.36
826,undefined,0.17,0.97,0.68,0.93,0.03,0.40,0.16,0.22,0.22,0.73,0.17,0.13,0.47,0.46,0.11,0.64
827,Hills,0.40,0.08,0.31,0.09,0.54,0.67,0.85,0.83,0.23,0.60,0.05,0.49,0.89,0.30,0.08,0.10
828,Downtown,0.95,0.59,0.12,0.05,0.82,0.31,0.89,0.95,0.75,0.36,0.16,0.70,0.26,0.85,0.94,0.28
829,Uptown,0.70,0.13,0.08,0.90,0.83,0.36,0.70,0.80,0.46,0.52,0.90,0.69,0.58,0.65,0.54,0.32
830,Promenade,0.36,0.62,0.78,0.50,0.42,0.18,0.84,0.86,0.47,0.65,0.29,0.09,0.79,0.80,0.83,0.14
831,Financial District,0.42,0.59,0.11,0.88,0.92,0.16,0.37,0.79,0.46,0.43,0.06,1.00,0.98,0.99,0.98,0.23
832,OceanView,0.84,0.80,0.44,0.23,0.13,0.10,0.39,0.29,0.39,0.44,0.44,0.51,0.48,0.29,0.97,0.37
833,Oceanside,0.10,0.35,0.99,0.89,0.69,0.88,0.49,0.45,0.89,0.90,0.41,0.43,0.59,0.65,0.98,0.66
834,Soma,0.47,0.80,0.60,0.73,0.91,0.62,0.22,0.89,0.56,0.52,0.53,0.48,0.29,0.30,0.04,0.82
835,Western Addition,0.99,0.26,0.35,0.83,0.05,0.91,0.82,0.93,0.05,0.85,0.21,0.54,0.36,0.83,0.72,0.19
836,Chinatown,0.09,0.83,0.09,0.75,0.23,0.59,0.01,0.34,0.11,0.95,0.51,0.94,0.94,0.10,0.63,0.92
837,Japantown,0.74,0.18,0.96,0.58,0.17,0.75,0.36,0.80,0.89,0.48,0.66,0.56,0.17,0.00,0.93,0.68
838,Little Italy,0.90,0.36,0.96,0.83,0.94,0.43,0.88,0.31,0.53,0.83,0.28,0.42,0.75,0.96,0.46,0.18
839,Live View,0.93,0.84,0.62,0.29,0.14,0.92,0.86,0.47,0.67,0.97,0.85,0.46,0.40,0.88,0.55,0.29
840,undefined,0.82,0.69,0.98,0.81,0.90,0.76,0.51,0.95,0.99,0.81,0.30,0.15,0.27,0.02,0.16,0.88
841,Hills,0.64,0.41,0.72,0.42,0.11,0.77,0.24,0.81,0.20,0.65,0.28,0.42,0.18,0.94,0.50,0.97
842,Downtown,0.80,0.95,0.16,0.86,0.29,0.60,0.98,0.04,0.26,0.06,0.42,0.98,0.89,0.25,0.53,0.69
843,Uptown,0.34,0.67,0.55,0.28,0.89,0.87,0.79,0.98,0.47,0.05,0.98,0.38,0.94,0.37,0.04,0.07
844,Promenade,0.48,0.54,0.07,0.53,0.92,0.52,0.51,0.20,0.31,0.26,0.27,0.70,0.83,0.91,0.94,0.31
845,Financial District,0.07,0.20,0.68,0.94,0.68,0.61,0.12,0.84,0.36,0.91,0.88,0.74,0.41,0.54,0.64,0.29
846,OceanView,0.43,0.66,0.65,0.45,0.73,0.96,0.92,0.64,0.90,0.45,0.69,0.60,0.35,0.91,0.34,0.90
847,Oceanside,0.60,0.96,0.34,0.72,0.42,0.55,0.77,0.83,0.68,0.89,0.90,0.45,0.16,0.46,0.58,0.35
848,Soma,0.33,0.52,0.79,0.29,0.92,0.77,0.49,0.00,0.11,0.56,0.25,0.15,0.86,0.41,0.61,0.68
849,Western Addition,0.95,0.19,0.49,0.59,0.16,0.38,0.74,0.71,0.18,0.47,0.25,0.13,0.31,0.85,0.34,0.02
850,Chinatown,0.89,0.30,0.82,0.44,0.28,0.79,0.77,0.88,0.60,0.47,0.46,0.04,0.72,0.61,0.18,0.31
851,Japantown,0.57,0.05,0.98,0.06,0.80,0.76,0.98,0.63,0.65,0.57,0.09,0.64,0.80,0.97,0.58,0.97
852,Little Italy,0.07,0.21,0.90,0.90,0.45,0.89,0.99,0.68,0.44,0.84,0.75,0.14,0.49,0.25,0.45,0.79
853,Live View,0.11,0.86,0.64,0.59,0.16,0.33,1.00,0.27,0.22,0.91,0.45,0.57,0.24,0.74,0.77,0.31
854,undefined,0.14,0.31,0.35,0.40,0.54,0.73,0.18,0.43,0.62,0.47,0.45,0.64,0.82,0.32,0.02,0.80
855,Hills,0.46,0.20,0.38,0.45,0.24,0.08,0.01,0.30,0.98,0.07,0.93,0.70,0.39,0.22,0.48,0.23
856,Downtown,0.71,0.63,0.50,0.20,0.21,0.06,0.14,0.74,0.05,0.98,0.22,0.81,0.63,0.32,0.88,0.24
857,Uptown,0.53,0.72,0.70,0.68,0.71,0.50,0.86,0.35,0.59,0.18,0.13,0.92,0.91,0.38,0.33,0.11
858,Promenade,0.79,0.17,0.54,0.82,0.23,0.78,0.00,0.38,0.20,0.11,0.32,0.85,0.37,0.48,0.18,0.45
859,Financial District,0.03,0.46,0.33,0.28,0.42,0.22,0.27,0.19,0.31,0.59,0.45,0.49,0.79,0.25,0.49,0.78
860,OceanView,0.01,0.06,0.89,0.96,0.47,0.50,0.37,0.57,0.36,0.77,0.12,0.31,0.62,0.85,0.75,0.22
861,Oceanside,0.08,0.26,0.07,0.52,0.90,0.74,0.02,0.42,0.73,0.49,0.97,0.75,0.03,0.28,0.72,1.00
862,Soma,0.08,0.77,0.01,0.29,0.03,0.55,0.61,0.92,0.83,0.91,0.06,0.62,0.94,0.57,0.12,0.08
863,Western Addition,0.40,0.50,0.76,0.54,0.85,0.01,0.24,0.33,0.17,0.24,0.22,0.06,0.01,0.94,0.26,0.14
864,Chinatown,0.76,0.46,0.17,0.75,0.46,0.56,0.95,0.22,0.15,0.20,0.13,0.94,0.52,0.06,0.57,0.28
865,Japantown,0.54,0.81,0.48,0.55,0.76,0.71,0.46,0.80,0.85,0.32,0.84,0.58,0.70,0.10,0.92,0.81
866,Little Italy,0.38,0.05,0.95,1.00,0.30,0.66,0.99,0.59,0.79,0.82,0.09,0.39,0.97,0.74,0.18,0.89
867,Live View,0.80,0.47,0.11,0.26,0.70,0.26,0.14,0.38,0.89,0.43,0.05,0.60,0.04,0.04,0.09,0.38
868,undefined,0.64,0.52,0.79,0.78,0.13,0.50,0.01,0.04,0.07,0.67,0.89,0.43,0.47,0.14,0.08,0.48
869,Hills,0.56,0.64,0.40,0.72,0.43,0.20,0.05,0.61,0.02,0.24,0.66,0.98,0.73,0.14,0.19,0.01
870,Downtown,0.68,0.78,0.91,0.03,0.17,0.86,0.03,0.74,0.79,0.37,0.88,0.35,0.12,0.04,0.62,0.51
871,Uptown,0.52,0.37,0.84,0.45,0.83,0.79,0.77,0.66,0.66,0.90,0.61,0.25,0.88,0.23,0.86,0.64
872,Promenade,0.32,0.24,0.30,0.12,0.58,0.33,0.40,0.48,0.81,0.07,0.22,0.54,0.68,0.40,0.30,0.26
873,Financial District,0.54,0.01,0.20,0.83,0.86,0.80,0.32,0.21,0.90,0.19,0.51,0.68,0.24,0.20,0.31,0.44
874,OceanView,0.66,0.79,0.08,0.06,0.15,0.43,0.69,0.30,0.16,0.04,0.04,0.99,0.43,0.76,0.42,0.95
875,Oceanside,0.10,0.05,0.70,1.00,0.29,0.53,0.96,0.27,0.69,0.20,0.70,0.83,0.75,0.64,0.81,0.01
876,Soma,0.64,0.37,0.81,0.99,0.98,0.20,0.95,0.23,0.34,0.81,0.56,0.98,0.43,0.54,0.88,0.24
877,Western Addition,0.93,0.37,0.07,0.89,0.55,0.86,0.52,0.05,0.88,0.21,0.22,0.46,0.10,0.91,0.85,0.10
878,Chinatown,0.68,0.17,0.70,0.72,0.86,0.73,0.14,0.46,0.69,0.19,0.35,0.30,0.68,0.89,0.30,0.11
879,Japantown,0.76,0.90,0.53,0.81,0.68,0.64,0.96,0.88,0.06,0.76,0.32,0.31,0.41,0.82,0.91,0.98
880,Little Italy,0.18,0.47,0.55,0.13,0.99,0.56,0.54,0.25,0.12,0.06,0.50,0.00,0.04,0.81,0.44,0.77
881,Live View,0.69,0.46,0.56,0.71,0.02,0.27,0.17,0.06,0.10,0.78,0.30,0.79,0.17,0.67,0.51,0.65
882,undefined,0.60,0.60,0.83,0.40,0.73,0.22,0.21,0.81,0.93,0.55,0.65,0.39,0.15,0.93,0.95,1.00
883,Hills,0.78,0.28,0.47,0.27,0.33,0.67,0.33,0.33,0.97,0.92,0.25,0.78,0.80,0.97,0.14,0.19
884,Downtown,0.95,0.20,0.57,0.52,0.63,0.53,0.22,0.74,0.14,0.59,0.87,0.18,0.12,0.84,0.21,0.92
885,Uptown,0.15,0.54,0.55,0.65,0.10,0.65,0.70,0.47,0.83,0.72,0.97,0.69,0.53,0.48,0.03,0.44
886,Promenade,0.96,0.40,0.69,0.78,0.50,0.74,0.19,0.75,0.57,0.69,0.67,0.88,0.48,0.39,0.02,0.77
887,Financial District,0.69,1.00,0.43,0.70,0.60,0.45,0.38,0.17,0.01,0.39,0.21,0.69,0.22,0.32,0.66,0.13
888,OceanView,0.53,0.60,0.66,0.43,0.30,0.94,0.65,0.39,0.46,0.94,0.98,0.84,0.71,0.50,0.87,0.79
889,Oceanside,0.62,0.15,0.88,0.49,0.94,0.58,0.71,0.43,0.58,0.66,0.16,0.56,0.13,0.20,0.90,0.82
890,Soma,0.96,0.34,0.80,0.30,0.02,0.79,0.97,0.24,0.09,0.26,0.60,0.07,0.60,0.70,0.64,0.69
891,Western Addition,0.14,0.89,0.86,0.69,0.63,0.59,0.84,0.11,0.60,0.74,0.93,0.44,0.70,0.56,0.96,0.16
892,Chinatown,0.86,0.33,0.28,0.19,0.83,0.14,0.76,0.35,0.58,0.58,0.29,0.59,0.60,0.41,0.12,0.17
893,Japantown,0.57,0.87,0.89,0.05,0.54,0.98,0.87,0.69,0.76,0.45,0.13,0.07,0.96,0.16,0.65,0.23
894,Little Italy,0.10,0.58,0.15,0.61,0.85,0.67,0.52,0.55,0.51,0.77,0.19,0.23,0.02,0.73,0.53,0.22
895,Live View,0.05,0.34,0.39,0.52,0.09,0.52,0.47,0.08,0.69,0.40,0.31,0.34,0.99,0.38,0.33,0.05
896,undefined,0.26,0.74,0.44,0.02,0.46,0.48,0.54,0.04,0.16,0.06,0.57,0.90,0.67,0.26,0.93,0.04
897,Hills,0.92,0.94,0.11,0.91,0.53,0.37,0.62,0.52,0.11,0.47,0.55,0.28,0.81,0.22,0.69,0.92
898,Downtown,0.25,0.61,0.73,0.46,0.23,0.02,0.33,0.54,0.38,0.01,0.76,0.76,0.64,0.35,0.12,0.53
899,Uptown,0.50,0.95,0.01,0.98,0.40,0.83,0.78,0.94,0.53,0.54,0.60,0.50,0.53,0.85,0.75,0.72
900,Promenade,0.68,0.24,0.13,0.35,0.29,0.85,0.85,0.59,0.40,0.90,0.58,0.27,0.72,0.52,0.07,0.03
901,Financial District,0.99,0.80,0.15,0.88,0.86,0.89,0.56,0.92,0.06,0.94,0.61,0.96,0.64,0.44,0.56,0.71
902,OceanView,0.70,0.95,0.43,0.61,0.20,0.85,0.23,0.02,0.97,0.69,0.14,0.94,0.32,0.86,0.62,0.52
903,Oceanside,0.77,0.38,0.38,0.84,0.23,0.52,0.40,0.44,0.29,0.16,0.54,0.12,0.54,0.85,0.45,0.76
904,Soma,0.45,0.39,0.97,0.24,0.56,0.07,0.39,0.38,0.87,0.78,0.06,0.49,0.76,0.54,0.66,0.48
905,Western Addition,0.61,0.33,0.24,0.35,0.80,0.97,0.48,0.50,0.70,0.89,0.74,0.77,0.17,0.53,0.78,0.41
906,Chinatown,0.20,0.77,0.98,0.41,0.85,0.80,0.43,0.05,0.13,0.57,0.08,0.55,0.31,0.87,0.46,0.71
907,Japantown,0.39,0.82,0.30,0.86,0.16,0.37,0.02,0.86,0.09,0.95,0.53,0.09,0.61,0.94,0.40,0.12
908,Little Italy,0.93,0.28,0.65,0.39,0.24,0.49,0.64,0.18,0.03,0.97,0.55,0.25,0.12,0.48,0.52,0.85
909,Live View,0.02,0.40,0.45,0.75,0.40,0.55,0.34,0.44,0.98,0.33,0.40,0.32,0.82,0.40,0.30,0.50
910,undefined,0.03,0.03,0.06,0.15,0.85,0.38,0.40,0.81,0.93,0.81,0.38,0.87,0.42,0.58,0.35,0.44
911,Hills,0.90,0.94,0.14,0.57,0.78,0.73,0.38,0.19,0.71,0.42,0.46,0.09,0.81,0.17,0.26,0.89
912,Downtown,0.31,0.73,0.10,0.12,1.00,0.83,0.30,0.60,0.64,0.88,0.41,0.08,0.21,0.24,0.80,0.87
913,Uptown,0.08,0.83,0.78,0.58,0.88,0.35,0.36,0.57,0.47,0.59,0.02,0.34,0.30,0.44,0.16,0.43
914,Promenade,0.75,0.92,0.40,0.59,0.10,0.87,0.36,0.42,0.03,0.36,0.38,0.23,0.74,0.93,0.76,0.10
915,Financial District,0.17,0.94,0.60,0.04,0.78,0.44,0.60,0.05,0.65,0.04,0.03,0.08,1.00,0.53,0.25,0.01
916,OceanView,0.39,0.53,0.74,0.99,0.31,0.48,0.22,0.63,0.12,0.46,0.43,0.10,0.89,0.02,0.11,0.12
917,Oceanside,0.28,0.17,0.68,0.73,0.86,0.51,0.42,0.14,0.35,0.44,0.27,0.79,0.63,1.00,0.49,0.96
918,Soma,0.10,0.57,0.32,0.12,0.40,0.73,0.24,0.45,0.92,0.55,0.70,0.97,0.46,0.08,0.20,0.75
919,Western Addition,0.58,0.33,0.07,0.22,0.75,0.99,0.94,0.01,0.96,0.85,0.78,0.92,0.51,0.40,0.38,0.61
920,Chinatown,0.97,0.87,0.39,0.41,0.92,0.04,0.61,0.14,0.13,0.74,0.04,0.87,0.16,0.59,1.00,0.74
921,Japantown,0.33,0.52,0.83,0.52,0.05,0.22,0.91,0.52,0.39,0.33,0.57,0.03,0.10,0.44,0.19,0.64
922,Little Italy,0.02,0.70,0.40,0.31,0.43,0.41,0.39,0.52,0.11,0.06,0.63,0.25,0.82,0.96,0.29,0.49
923,Live View,0.04,0.77,0.20,0.91,0.78,0.58,0.25,0.47,0.52,0.22,0.05,0.54,0.83,0.81,0.71,0.05
924,undefined,0.55,0.57,0.44,0.12,0.17,0.01,0.19,0.01,0.30,0.04,0.51,0.54,0.25,0.53,0.07,0.55
925,Hills,0.53,0.61,0.47,0.29,0.81,0.94,0.43,0.38,0.57,0.11,0.88,0.09,0.84,0.78,0.56,0.91
926,Downtown,0.45,0.07,0.14,0.13,0.38,0.34,0.65,0.07,0.70,0.40,0.54,0.49,0.11,0.63,0.84,0.29
927,Uptown,0.62,0.01,0.51,0.22,0.50,0.35,0.53,0.54,0.59,0.08,0.50,0.51,0.75,0.48,0.19,0.81
928,Promenade,0.38,0.52,0.60,0.14,0.57,0.97,0.72,0.50,0.56,0.24,0.20,0.17,0.66,0.74,0.36,0.90
929,Financial District,0.70,0.35,0.65,0.41,0.10,0.72,0.15,0.49,0.23,0.30,0.78,0.60,0.83,0.09,0.86,0.99
930,OceanView,0.09,0.32,0.90,0.14,0.75,0.50,0.81,0.22,0.48,0.22,0.57,0.80,0.67,0.16,0.75,0.06
931,Oceanside,0.27,0.07,0.25,0.58,0.25,0.68,0.73,0.57,0.48,0.96,0.59,0.47,0.75,0.42,0.22,0.76
932,Soma,0.05,0.35,0.34,0.81,0.86,0.29,0.61,0.07,0.17,0.73,0.54,0.19,0.77,0.56,0.14,0.89
933,Western Addition,0.90,0.39,0.52,0.05,0.71,0.69,0.74,0.08,0.49,0.15,0.97,0.37,0.54,0.28,0.50,0.69
934,Chinatown,0.25,0.40,0.89,0.59,0.43,0.04,0.60,0.58,0.66,0.97,0.83,0.19,0.23,0.88,0.89,0.06
935,Japantown,1.00,0.30,0.95,0.45,0.54,0.21,0.31,0.39,0.16,0.36,0.33,0.98,0.64,0.38,0.36,0.85
936,Little Italy,0.99,0.14,0.32,0.41,0.44,0.81,0.59,0.32,0.91,0.86,0.57,0.20,0.94,0.12,0.63,0.08
937,Live View,0.13,0.79,0.70,0.04,0.08,0.89,0.09,0.24,0.40,0.93,0.82,0.12,0.35,0.09,0.15,0.57
938,undefined,0.16,0.11,0.59,0.57,0.65,0.07,0.02,0.84,0.58,0.80,0.03,0.84,0.57,0.71,0.04,0.10
939,Hills,0.97,0.33,0.85,0.57,0.87,0.11,0.61,0.38,0.90,0.20,0.76,0.69,0.30,0.08,0.60,0.34
940,Downtown,0.64,0.50,0.68,0.15,0.64,0.04,0.60,0.67,0.60,0.92,0.84,0.50,0.89,0.20,0.43,0.75
941,Uptown,0.65,0.62,0.12,0.02,0.76,0.06,0.27,0.46,0.83,0.26,0.61,0.40,0.00,0.89,0.62,0.46
942,Promenade,0.29,0.49,0.33,0.44,0.24,0.71,0.17,0.97,0.14,0.20,0.17,0.87,0.03,0.16,0.35,0.67
943,Financial District,0.33,0.48,0.35,0.75,0.55,0.47,0.73,0.86,0.32,0.75,0.71,0.35,0.16,0.78,0.35,0.78
944,OceanView,0.92,0.82,0.89,0.92,0.35,0.19,0.57,0.08,0.11,0.73,0.04,0.63,0.33,0.16,0.88,0.09
945,Oceanside,0.74,0.72,0.60,0.57,0.10,0.65,0.88,0.70,0.87,0.77,0.32,0.40,0.82,0.56,0.85,0.58
946,Soma,0.36,0.09,0.06,0.52,0.42,0.53,0.78,0.43,0.36,0.10,0.56,0.36,0.89,0.33,0.74,0.80
947,Western Addition,0.83,0.23,0.24,0.09,0.80,0.41,0.25,0.34,0.36,0.97,0.41,0.87,0.06,0.83,0.11,0.60
948,Chinatown,0.11,0.21,0.44,0.49,0.02,0.93,0.12,0.83,0.91,0.41,0.64,0.76,0.05,0.81,0.22,0.04
949,Japantown,0.05,0.37,0.50,0.34,0.33,0.09,0.61,0.93,0.23,0.83,0.70,0.68,0.02,0.08,0.60,0.66
950,Little Italy,0.86,0.55,0.70,0.12,0.70,0.33,0.94,0.36,0.16,0.00,0.69,0.91,0.86,0.43,0.91,0.53
951,Live View,0.62,0.21,0.90,0.63,0.10,0.85,0.77,0.65,0.92,0.43,0.73,0.06,0.79,0.05,0.00,0.15
952,undefined,0.26,0.13,0.24,0.17,0.29,0.82,0.73,0.01,0.98,0.66,0.51,0.10,0.29,0.32,0.17,0.85
953,Hills,0.00,0.82,0.09,0.41,0.21,0.70,0.28,0.24,0.34,0.31,0.29,0.08,0.25,0.55,0.27,0.98
954,Downtown,0.57,0.02,0.22,0.33,0.53,0.32,0.78,0.22,0.47,0.40,0.02,0.14,0.48,0.36,0.53,0.30
955,Uptown,0.94,0.74,0.45,0.18,0.30,0.26,0.18,0.60,0.75,0.25,0.55,0.89,0.07,0.05,0.17,0.58
956,Promenade,0.87,0.44,0.27,0.64,0.78,0.17,0.15,0.77,0.39,0.56,0.60,0.09,0.18,0.94,0.25,0.56
957,Financial District,0.33,0.04,0.28,0.56,0.30,0.62,0.27,0.05,0.80,0.42,0.22,0.87,0.07,0.44,0.61,0.19
958,OceanView,0.84,0.91,0.09,0.69,0.38,0.73,0.71,0.49,0.78,0.15,0.15,0.64,0.90,0.16,0.54,0.74
959,Oceanside,0.04,0.56,0.72,0.29,0.80,0.70,0.45,0.27,0.34,0.57,0.70,0.24,0.77,0.40,0.64,0.59
960,Soma,0.56,0.34,0.47,0.86,0.94,0.14,0.37,0.68,0.83,0.18,0.97,0.09,0.54,0.97,0.75,0.99
961,Western Addition,0.37,0.95,0.85,0.38,0.94,0.86,0.03,0.34,0.81,0.92,0.28,0.68,0.66,0.85,0.79,0.03
962,Chinatown,0.72,0.71,0.17,0.97,0.59,0.82,0.81,0.73,0.42,0.80,0.99,0.59,1.00,0.31,0.35,0.29
963,Japantown,0.60,0.95,0.73,0.14,0.19,0.34,0.40,0.64,0.85,0.36,0.99,0.90,0.10,0.42,0.80,0.06
964,Little Italy,0.52,0.09,0.94,0.77,0.06,0.37,0.76,0.78,0.19,0.98,0.48,0.10,0.44,0.27,0.29,0.85
965,Live View,0.96,0.73,0.65,0.60,0.76,0.93,0.15,0.80,0.90,0.29,0.32,0.03,0.94,0.54,0.31,0.90
966,undefined,0.96,0.27,0.59,0.89,0.86,0.61,0.13,0.73,0.76,0.14,0.36,0.09,0.24,0.42,0.23,0.62
967,Hills,0.86,0.80,0.76,0.06,0.87,0.72,0.16,0.40,0.40,0.92,0.72,0.32,0.96,0.45,0.08,0.77
968,Downtown,0.66,0.25,0.42,0.40,0.96,0.13,0.84,0.22,0.03,0.33,0.29,0.31,0.87,0.45,0.25,0.54
969,Uptown,0.65,0.07,0.98,0.83,0.49,0.04,0.69,0.40,0.82,0.37,0.58,0.34,0.02,0.80,0.81,0.25
970,Promenade,0.08,0.50,0.65,0.69,0.62,0.02,0.96,0.65,0.64,0.78,0.37,0.42,0.54,0.94,0.33,0.62
971,Financial District,0.68,0.64,0.21,0.33,0.17,0.39,0.24,0.42,0.34,0.71,0.60,0.00,0.21,0.79,0.52,0.12
972,OceanView,0.16,0.86,0.64,0.79,0.16,0.02,0.30,0.59,0.23,0.21,0.04,0.40,0.10,0.25,0.53,0.35
973,Oceanside,0.14,0.42,0.66,0.53,0.14,0.09,0.88,0.20,0.50,0.97,0.50,0.24,0.38,0.47,0.24,0.93
974,Soma,0.51,0.92,0.49,0.63,0.88,0.11,0.99,0.12,0.38,0.62,0.83,0.34,0.71,0.23,0.22,0.91
975,Western Addition,0.15,0.43,0.51,0.68,0.76,0.14,0.02,0.22,0.46,0.68,0.28,0.02,0.25,0.24,0.14,0.77
976,Chinatown,0.63,0.47,0.99,0.69,0.49,0.96,0.44,0.99,0.88,0.93,0.19,0.74,0.28,0.86,0.01,0.38
977,Japantown,0.63,0.13,0.70,0.22,0.04,0.68,0.76,0.35,0.65,0.18,0.90,0.32,0.67,0.98,0.42,0.51
978,Little Italy,0.35,0.67,0.55,0.20,0.73,0.15,0.03,0.45,0.01,0.34,0.44,0.54,0.23,0.31,0.52,0.94
979,Live View,0.97,0.27,0.08,0.51,0.27,0.72,0.66,0.26,0.22,0.48,0.32,0.48,0.66,0.82,0.58,0.97
980,undefined,0.78,0.06,0.49,0.94,0.03,0.96,0.19,0.28,0.13,0.23,0.45,0.74,0.87,0.18,0.99,0.79
981,Hills,0.90,0.18,0.08,0.95,0.38,0.42,0.90,0.18,0.36,0.76,0.98,0.45,0.07,0.60,0.32,0.39
982,Downtown,0.45,0.76,0.14,0.96,0.30,0.62,0.98,0.10,0.56,0.54,0.07,0.51,0.83,0.46,0.88,0.43
983,Uptown,0.99,0.07,0.85,0.88,0.53,0.52,0.82,0.44,0.51,0.12,0.11,0.09,0.27,0.74,0.52,0.21
984,Promenade,0.01,0.77,0.62,0.98,0.33,0.38,0.08,0.39,0.95,0.49,0.75,0.74,0.80,0.57,0.17,0.16
985,Financial District,0.22,0.43,0.39,0.44,0.55,0.58,0.77,0.43,0.29,0.69,0.53,0.49,0.12,0.00,0.46,0.11
986,OceanView,0.96,0.96,0.43,0.68,0.41,0.83,0.44,0.08,0.37,0.07,0.74,0.20,0.82,0.79,0.58,0.05
987,Oceanside,0.45,0.87,0.98,0.76,0.65,0.39,0.01,0.14,0.56,1.00,0.42,0.04,0.35,0.87,0.85,0.41
988,Soma,0.61,0.34,0.79,0.51,0.60,0.66,0.81,0.58,0.29,0.97,0.61,0.78,0.98,0.84,0.56,0.85
989,Western Addition,0.51,0.52,0.02,0.71,0.92,0.93,0.40,0.44,0.07,0.18,0.12,0.79,0.96,0.40,0.09,0.96
990,Chinatown,0.19,0.69,0.99,0.22,0.99,0.14,0.08,0.41,0.38,0.56,0.34,0.40,0.64,0.66,0.50,0.24
991,Japantown,0.86,0.96,0.27,0.43,0.21,0.56,0.15,0.98,0.76,0.61,0.17,0.75,0.40,0.44,0.15,0.60
992,Little Italy,0.83,0.28,0.68,0.92,0.67,0.16,0.90,0.44,0.35,0.93,0.39,0.10,0.31,0.13,0.65,0.98
993,Live View,0.37,0.24,0.96,0.69,0.12,0.04,0.79,0.45,0.25,0.81,0.47,0.96,0.73,0.33,0.19,0.93
994,undefined,0.44,0.47,0.68,0.61,0.07,0.87,0.76,0.30,0.26,0.04,0.79,0.82,0.45,0.36,0.93,0.96
995,Hills,0.53,0.11,0.58,0.11,1.00,0.88,0.10,0.57,0.73,0.83,0.29,0.71,0.55,0.98,0.17,0.36
996,Downtown,0.75,0.97,0.12,0.79,0.04,0.28,0.54,0.75,0.25,0.75,0.49,0.68,0.14,0.33,0.77,0.79
997,Uptown,0.92,0.44,0.23,0.31,0.98,0.75,0.69,0.77,0.65,0.82,0.15,0.25,0.79,0.19,0.57,0.17
998,Promenade,0.49,0.51,0.54,0.30,0.64,0.83,0.73,0.12,0.95,0.02,0.26,0.22,0.38,0.85,0.50,1.00
999,Financial District,0.10,0.10,0.35,0.52,0.10,0.18,0.69,0.72,0.24,0.62,0.16,0.06,0.18,0.05,0.61,0.04
1000,OceanView,0.48,0.99,0.12,0.84,0.37,0.49,0.97,0.40,0.46,0.55,0.80,0.18,0.11,0.97,0.51,0.31
